"Local Code","Age Group","Population","# of population with at least 1 dose","Percent of population who received at least one dose","# of population fully immunized","Percent of population fully immunized","Alberta: percent of population who received at least one dose","Alberta: percent of population fully immunized","Local Name","Zone Name"
"Z1.1.A.01","12-19 years",486,277,57,230,47.3,74.4,63.3,"CROWSNEST PASS","SOUTH"
"Z1.1.A.01","12+ years",5615,4138,73.7,3749,66.8,82,73.2,"CROWSNEST PASS","SOUTH"
"Z1.1.A.01","20-39 years",1304,768,58.9,616,47.3,73.3,62.1,"CROWSNEST PASS","SOUTH"
"Z1.1.A.01","40-59 years",1622,1165,71.8,1058,65.2,82.1,74.8,"CROWSNEST PASS","SOUTH"
"Z1.1.A.01","60-74 years",1599,1385,86.6,1321,82.6,91.5,87.9,"CROWSNEST PASS","SOUTH"
"Z1.1.A.01","75+ years",604,526,87.1,514,85.2,92.1,90.4,"CROWSNEST PASS","SOUTH"
"Z1.1.A.01","ALL years",6280,4138,65.9,3749,59.7,69.8,62.3,"CROWSNEST PASS","SOUTH"
"Z1.1.A.02","12-19 years",779,533,68.4,407,52.3,74.4,63.3,"PINCHER CREEK","SOUTH"
"Z1.1.A.02","12+ years",7177,5634,78.5,4976,69.3,82,73.2,"PINCHER CREEK","SOUTH"
"Z1.1.A.02","20-39 years",1962,1352,68.9,1056,53.8,73.3,62.1,"PINCHER CREEK","SOUTH"
"Z1.1.A.02","40-59 years",1946,1499,77,1342,69,82.1,74.8,"PINCHER CREEK","SOUTH"
"Z1.1.A.02","60-74 years",1706,1486,87.1,1426,83.6,91.5,87.9,"PINCHER CREEK","SOUTH"
"Z1.1.A.02","75+ years",784,740,94.4,728,92.9,92.1,90.4,"PINCHER CREEK","SOUTH"
"Z1.1.A.02","ALL years",8344,5634,67.5,4976,59.6,69.8,62.3,"PINCHER CREEK","SOUTH"
"Z1.1.A.03","12-19 years",677,329,48.6,273,40.4,74.4,63.3,"FORT MACLEOD","SOUTH"
"Z1.1.A.03","12+ years",5553,3482,62.7,3112,56,82,73.2,"FORT MACLEOD","SOUTH"
"Z1.1.A.03","20-39 years",1696,775,45.7,648,38.2,73.3,62.1,"FORT MACLEOD","SOUTH"
"Z1.1.A.03","40-59 years",1458,959,65.8,839,57.5,82.1,74.8,"FORT MACLEOD","SOUTH"
"Z1.1.A.03","60-74 years",1196,969,81,920,76.9,91.5,87.9,"FORT MACLEOD","SOUTH"
"Z1.1.A.03","75+ years",526,441,83.8,426,80.9,92.1,90.4,"FORT MACLEOD","SOUTH"
"Z1.1.A.03","ALL years",6753,3482,51.6,3112,46.1,69.8,62.3,"FORT MACLEOD","SOUTH"
"Z1.1.B.04","12-19 years",2211,1474,66.7,1108,50.1,74.4,63.3,"CARDSTON-KAINAI","SOUTH"
"Z1.1.B.04","12+ years",13462,10093,75,8460,62.8,82,73.2,"CARDSTON-KAINAI","SOUTH"
"Z1.1.B.04","20-39 years",4130,2695,65.3,2032,49.2,73.3,62.1,"CARDSTON-KAINAI","SOUTH"
"Z1.1.B.04","40-59 years",3363,2639,78.5,2231,66.3,82.1,74.8,"CARDSTON-KAINAI","SOUTH"
"Z1.1.B.04","60-74 years",2501,2118,84.7,2006,80.2,91.5,87.9,"CARDSTON-KAINAI","SOUTH"
"Z1.1.B.04","75+ years",1258,1082,86,1036,82.4,92.1,90.4,"CARDSTON-KAINAI","SOUTH"
"Z1.1.B.04","ALL years",16595,10093,60.8,8460,51,69.8,62.3,"CARDSTON-KAINAI","SOUTH"
"Z1.2.A.01","12-19 years",3120,1433,45.9,1167,37.4,74.4,63.3,"COUNTY OF LETHBRIDGE","SOUTH"
"Z1.2.A.01","12+ years",20593,13196,64.1,11757,57.1,82,73.2,"COUNTY OF LETHBRIDGE","SOUTH"
"Z1.2.A.01","20-39 years",6985,3643,52.2,3020,43.2,73.3,62.1,"COUNTY OF LETHBRIDGE","SOUTH"
"Z1.2.A.01","40-59 years",5579,3864,69.3,3431,61.5,82.1,74.8,"COUNTY OF LETHBRIDGE","SOUTH"
"Z1.2.A.01","60-74 years",3586,3027,84.4,2948,82.2,91.5,87.9,"COUNTY OF LETHBRIDGE","SOUTH"
"Z1.2.A.01","75+ years",1323,1153,87.2,1143,86.4,92.1,90.4,"COUNTY OF LETHBRIDGE","SOUTH"
"Z1.2.A.01","ALL years",25820,13196,51.1,11757,45.5,69.8,62.3,"COUNTY OF LETHBRIDGE","SOUTH"
"Z1.2.B.02","12-19 years",2624,804,30.6,665,25.3,74.4,63.3,"TABER MD","SOUTH"
"Z1.2.B.02","12+ years",15123,7875,52.1,6923,45.8,82,73.2,"TABER MD","SOUTH"
"Z1.2.B.02","20-39 years",5108,1889,37,1508,29.5,73.3,62.1,"TABER MD","SOUTH"
"Z1.2.B.02","40-59 years",4114,2458,59.7,2145,52.1,82.1,74.8,"TABER MD","SOUTH"
"Z1.2.B.02","60-74 years",2299,1836,79.8,1751,76.1,91.5,87.9,"TABER MD","SOUTH"
"Z1.2.B.02","75+ years",977,849,86.9,828,84.7,92.1,90.4,"TABER MD","SOUTH"
"Z1.2.B.02","ALL years",19028,7875,41.4,6923,36.4,69.8,62.3,"TABER MD","SOUTH"
"Z1.2.C.03","12-19 years",1470,709,48.2,551,37.5,74.4,63.3,"COUNTY OF WARNER","SOUTH"
"Z1.2.C.03","12+ years",9027,5853,64.8,4998,55.4,82,73.2,"COUNTY OF WARNER","SOUTH"
"Z1.2.C.03","20-39 years",2664,1376,51.7,1046,39.3,73.3,62.1,"COUNTY OF WARNER","SOUTH"
"Z1.2.C.03","40-59 years",2283,1536,67.3,1308,57.3,82.1,74.8,"COUNTY OF WARNER","SOUTH"
"Z1.2.C.03","60-74 years",1821,1517,83.3,1404,77.1,91.5,87.9,"COUNTY OF WARNER","SOUTH"
"Z1.2.C.03","75+ years",790,676,85.6,663,84,92.1,90.4,"COUNTY OF WARNER","SOUTH"
"Z1.2.C.03","ALL years",11104,5853,52.7,4998,45,69.8,62.3,"COUNTY OF WARNER","SOUTH"
"Z1.2.C.04","12-19 years",867,188,21.7,132,15.2,74.4,63.3,"COUNTY OF FORTY MILE","SOUTH"
"Z1.2.C.04","12+ years",4936,2221,45,1895,38.4,82,73.2,"COUNTY OF FORTY MILE","SOUTH"
"Z1.2.C.04","20-39 years",1677,537,32,389,23.2,73.3,62.1,"COUNTY OF FORTY MILE","SOUTH"
"Z1.2.C.04","40-59 years",1218,612,50.2,545,44.7,82.1,74.8,"COUNTY OF FORTY MILE","SOUTH"
"Z1.2.C.04","60-74 years",830,602,72.5,557,67.1,91.5,87.9,"COUNTY OF FORTY MILE","SOUTH"
"Z1.2.C.04","75+ years",345,276,80.1,266,77.2,92.1,90.4,"COUNTY OF FORTY MILE","SOUTH"
"Z1.2.C.04","ALL years",6409,2221,34.7,1895,29.6,69.8,62.3,"COUNTY OF FORTY MILE","SOUTH"
"Z1.3.A.01","12-19 years",3267,1761,53.9,1381,42.3,74.4,63.3,"NEWELL","SOUTH"
"Z1.3.A.01","12+ years",23101,15996,69.2,13721,59.4,82,73.2,"NEWELL","SOUTH"
"Z1.3.A.01","20-39 years",7813,4748,60.8,3727,47.7,73.3,62.1,"NEWELL","SOUTH"
"Z1.3.A.01","40-59 years",7356,5378,73.1,4714,64.1,82.1,74.8,"NEWELL","SOUTH"
"Z1.3.A.01","60-74 years",3412,2941,86.2,2785,81.6,91.5,87.9,"NEWELL","SOUTH"
"Z1.3.A.01","75+ years",1253,1091,87.1,1067,85.2,92.1,90.4,"NEWELL","SOUTH"
"Z1.3.A.01","ALL years",27753,15996,57.6,13721,49.4,69.8,62.3,"NEWELL","SOUTH"
"Z1.3.B.02","12-19 years",328,154,47,105,32,74.4,63.3,"OYEN","SOUTH"
"Z1.3.B.02","12+ years",2972,1949,65.6,1681,56.6,82,73.2,"OYEN","SOUTH"
"Z1.3.B.02","20-39 years",767,395,51.5,303,39.5,73.3,62.1,"OYEN","SOUTH"
"Z1.3.B.02","40-59 years",838,534,63.7,448,53.4,82.1,74.8,"OYEN","SOUTH"
"Z1.3.B.02","60-74 years",726,592,81.5,558,76.9,91.5,87.9,"OYEN","SOUTH"
"Z1.3.B.02","75+ years",312,267,85.6,262,83.9,92.1,90.4,"OYEN","SOUTH"
"Z1.3.B.02","ALL years",3486,1949,55.9,1681,48.2,69.8,62.3,"OYEN","SOUTH"
"Z1.3.B.03","12-19 years",1265,710,56.1,532,42,74.4,63.3,"CYPRESS COUNTY","SOUTH"
"Z1.3.B.03","12+ years",9600,6678,69.6,5792,60.3,82,73.2,"CYPRESS COUNTY","SOUTH"
"Z1.3.B.03","20-39 years",2801,1692,60.4,1338,47.8,73.3,62.1,"CYPRESS COUNTY","SOUTH"
"Z1.3.B.03","40-59 years",3151,2299,73,2043,64.8,82.1,74.8,"CYPRESS COUNTY","SOUTH"
"Z1.3.B.03","60-74 years",1903,1556,81.7,1479,77.7,91.5,87.9,"CYPRESS COUNTY","SOUTH"
"Z1.3.B.03","75+ years",479,394,82.2,383,80,92.1,90.4,"CYPRESS COUNTY","SOUTH"
"Z1.3.B.03","ALL years",11298,6678,59.1,5792,51.3,69.8,62.3,"CYPRESS COUNTY","SOUTH"
"Z1.4.A.01","12-19 years",6316,4254,67.4,3499,55.4,74.4,63.3,"MEDICINE HAT","SOUTH"
"Z1.4.A.01","12+ years",59133,45898,77.6,40772,68.9,82,73.2,"MEDICINE HAT","SOUTH"
"Z1.4.A.01","20-39 years",17728,11922,67.2,9659,54.5,73.3,62.1,"MEDICINE HAT","SOUTH"
"Z1.4.A.01","40-59 years",17120,13267,77.5,11800,68.9,82.1,74.8,"MEDICINE HAT","SOUTH"
"Z1.4.A.01","60-74 years",12190,10940,89.7,10502,86.2,91.5,87.9,"MEDICINE HAT","SOUTH"
"Z1.4.A.01","75+ years",5779,5303,91.8,5169,89.5,92.1,90.4,"MEDICINE HAT","SOUTH"
"Z1.4.A.01","ALL years",68115,45898,67.4,40772,59.9,69.8,62.3,"MEDICINE HAT","SOUTH"
"Z1.5.A.01","12-19 years",3980,3442,86.5,2906,73,74.4,63.3,"LETHBRIDGE - WEST","SOUTH"
"Z1.5.A.01","12+ years",32091,28574,89,25948,80.9,82,73.2,"LETHBRIDGE - WEST","SOUTH"
"Z1.5.A.01","20-39 years",13363,11239,84.1,9745,72.9,73.3,62.1,"LETHBRIDGE - WEST","SOUTH"
"Z1.5.A.01","40-59 years",8526,7682,90.1,7232,84.8,82.1,74.8,"LETHBRIDGE - WEST","SOUTH"
"Z1.5.A.01","60-74 years",4712,4518,95.9,4437,94.2,91.5,87.9,"LETHBRIDGE - WEST","SOUTH"
"Z1.5.A.01","75+ years",1510,1492,98.8,1488,98.5,92.1,90.4,"LETHBRIDGE - WEST","SOUTH"
"Z1.5.A.01","ALL years",38163,28574,74.9,25948,68,69.8,62.3,"LETHBRIDGE - WEST","SOUTH"
"Z1.5.B.02","12-19 years",2462,1816,73.8,1526,62,74.4,63.3,"LETHBRIDGE - NORTH","SOUTH"
"Z1.5.B.02","12+ years",24136,19983,82.8,17889,74.1,82,73.2,"LETHBRIDGE - NORTH","SOUTH"
"Z1.5.B.02","20-39 years",8205,6095,74.3,5104,62.2,73.3,62.1,"LETHBRIDGE - NORTH","SOUTH"
"Z1.5.B.02","40-59 years",7065,5891,83.4,5337,75.5,82.1,74.8,"LETHBRIDGE - NORTH","SOUTH"
"Z1.5.B.02","60-74 years",4451,4224,94.9,4036,90.7,91.5,87.9,"LETHBRIDGE - NORTH","SOUTH"
"Z1.5.B.02","75+ years",1953,1845,94.5,1808,92.6,92.1,90.4,"LETHBRIDGE - NORTH","SOUTH"
"Z1.5.B.02","ALL years",27903,19983,71.6,17889,64.1,69.8,62.3,"LETHBRIDGE - NORTH","SOUTH"
"Z1.5.C.03","12-19 years",2585,1974,76.4,1707,66,74.4,63.3,"LETHBRIDGE - SOUTH","SOUTH"
"Z1.5.C.03","12+ years",30603,25384,82.9,23227,75.9,82,73.2,"LETHBRIDGE - SOUTH","SOUTH"
"Z1.5.C.03","20-39 years",9591,6934,72.3,5814,60.6,73.3,62.1,"LETHBRIDGE - SOUTH","SOUTH"
"Z1.5.C.03","40-59 years",7552,6301,83.4,5757,76.2,82.1,74.8,"LETHBRIDGE - SOUTH","SOUTH"
"Z1.5.C.03","60-74 years",6496,5968,91.9,5807,89.4,91.5,87.9,"LETHBRIDGE - SOUTH","SOUTH"
"Z1.5.C.03","75+ years",4380,4110,93.8,4091,93.4,92.1,90.4,"LETHBRIDGE - SOUTH","SOUTH"
"Z1.5.C.03","ALL years",34464,25384,73.7,23227,67.4,69.8,62.3,"LETHBRIDGE - SOUTH","SOUTH"
"Z2.1.A.01","12-19 years",12649,10943,86.5,10068,79.6,74.4,63.3,"CALGARY - UPPER NW","CALGARY"
"Z2.1.A.01","12+ years",106368,93740,88.1,88157,82.9,82,73.2,"CALGARY - UPPER NW","CALGARY"
"Z2.1.A.01","20-39 years",34306,28246,82.3,25677,74.8,73.3,62.1,"CALGARY - UPPER NW","CALGARY"
"Z2.1.A.01","40-59 years",34655,30392,87.7,28906,83.4,82.1,74.8,"CALGARY - UPPER NW","CALGARY"
"Z2.1.A.01","60-74 years",18400,17505,95.1,17120,93,91.5,87.9,"CALGARY - UPPER NW","CALGARY"
"Z2.1.A.01","75+ years",6358,5960,93.7,5888,92.6,92.1,90.4,"CALGARY - UPPER NW","CALGARY"
"Z2.1.A.01","ALL years",123679,93740,75.8,88157,71.3,69.8,62.3,"CALGARY - UPPER NW","CALGARY"
"Z2.1.B.02","12-19 years",12190,10678,87.6,9664,79.3,74.4,63.3,"CALGARY - NORTH","CALGARY"
"Z2.1.B.02","12+ years",97677,87444,89.5,81427,83.4,82,73.2,"CALGARY - NORTH","CALGARY"
"Z2.1.B.02","20-39 years",33559,28083,83.7,25150,74.9,73.3,62.1,"CALGARY - NORTH","CALGARY"
"Z2.1.B.02","40-59 years",33724,30495,90.4,28863,85.6,82.1,74.8,"CALGARY - NORTH","CALGARY"
"Z2.1.B.02","60-74 years",13973,13590,97.3,13349,95.5,91.5,87.9,"CALGARY - NORTH","CALGARY"
"Z2.1.B.02","75+ years",4231,3997,94.5,3967,93.8,92.1,90.4,"CALGARY - NORTH","CALGARY"
"Z2.1.B.02","ALL years",116945,87444,74.8,81427,69.6,69.8,62.3,"CALGARY - NORTH","CALGARY"
"Z2.1.C.03","12-19 years",5659,4908,86.7,4261,75.3,74.4,63.3,"CALGARY - NOSE HILL","CALGARY"
"Z2.1.C.03","12+ years",68028,58719,86.3,53199,78.2,82,73.2,"CALGARY - NOSE HILL","CALGARY"
"Z2.1.C.03","20-39 years",25284,20443,80.9,17831,70.5,73.3,62.1,"CALGARY - NOSE HILL","CALGARY"
"Z2.1.C.03","40-59 years",20792,17950,86.3,16331,78.5,82.1,74.8,"CALGARY - NOSE HILL","CALGARY"
"Z2.1.C.03","60-74 years",11347,10659,93.9,10183,89.7,91.5,87.9,"CALGARY - NOSE HILL","CALGARY"
"Z2.1.C.03","75+ years",4946,4488,90.7,4401,89,92.1,90.4,"CALGARY - NOSE HILL","CALGARY"
"Z2.1.C.03","ALL years",78021,58719,75.3,53199,68.2,69.8,62.3,"CALGARY - NOSE HILL","CALGARY"
"Z2.1.D.04","12-19 years",6617,5840,88.3,5322,80.4,74.4,63.3,"CALGARY - LOWER NW","CALGARY"
"Z2.1.D.04","12+ years",54432,49040,90.1,45818,84.2,82,73.2,"CALGARY - LOWER NW","CALGARY"
"Z2.1.D.04","20-39 years",16796,14096,83.9,12547,74.7,73.3,62.1,"CALGARY - LOWER NW","CALGARY"
"Z2.1.D.04","40-59 years",17295,15466,89.4,14654,84.7,82.1,74.8,"CALGARY - LOWER NW","CALGARY"
"Z2.1.D.04","60-74 years",9468,9071,95.8,8861,93.6,91.5,87.9,"CALGARY - LOWER NW","CALGARY"
"Z2.1.D.04","75+ years",4256,4211,98.9,4169,98,92.1,90.4,"CALGARY - LOWER NW","CALGARY"
"Z2.1.D.04","ALL years",62696,49040,78.2,45818,73.1,69.8,62.3,"CALGARY - LOWER NW","CALGARY"
"Z2.1.E.05","12-19 years",1301,1011,77.7,880,67.6,74.4,63.3,"CALGARY - WEST BOW","CALGARY"
"Z2.1.E.05","12+ years",18677,15591,83.5,14426,77.2,82,73.2,"CALGARY - WEST BOW","CALGARY"
"Z2.1.E.05","20-39 years",6501,5188,79.8,4653,71.6,73.3,62.1,"CALGARY - WEST BOW","CALGARY"
"Z2.1.E.05","40-59 years",5542,4541,81.9,4221,76.2,82.1,74.8,"CALGARY - WEST BOW","CALGARY"
"Z2.1.E.05","60-74 years",3624,3257,89.9,3132,86.4,91.5,87.9,"CALGARY - WEST BOW","CALGARY"
"Z2.1.E.05","75+ years",1709,1542,90.2,1506,88.1,92.1,90.4,"CALGARY - WEST BOW","CALGARY"
"Z2.1.E.05","ALL years",21283,15591,73.3,14426,67.8,69.8,62.3,"CALGARY - WEST BOW","CALGARY"
"Z2.1.F.06","12-19 years",2582,2278,88.2,2001,77.5,74.4,63.3,"CALGARY - CENTRE NORTH","CALGARY"
"Z2.1.F.06","12+ years",39785,34382,86.4,31664,79.6,82,73.2,"CALGARY - CENTRE NORTH","CALGARY"
"Z2.1.F.06","20-39 years",15684,13119,83.6,11675,74.4,73.3,62.1,"CALGARY - CENTRE NORTH","CALGARY"
"Z2.1.F.06","40-59 years",12280,10382,84.5,9706,79,82.1,74.8,"CALGARY - CENTRE NORTH","CALGARY"
"Z2.1.F.06","60-74 years",6243,5729,91.8,5558,89,91.5,87.9,"CALGARY - CENTRE NORTH","CALGARY"
"Z2.1.F.06","75+ years",2995,2693,89.9,2598,86.7,92.1,90.4,"CALGARY - CENTRE NORTH","CALGARY"
"Z2.1.F.06","ALL years",44910,34382,76.6,31664,70.5,69.8,62.3,"CALGARY - CENTRE NORTH","CALGARY"
"Z2.2.A.01","12-19 years",12421,11257,90.6,9792,78.8,74.4,63.3,"CALGARY - UPPER NE","CALGARY"
"Z2.2.A.01","12+ years",98437,91688,93.1,81541,82.8,82,73.2,"CALGARY - UPPER NE","CALGARY"
"Z2.2.A.01","20-39 years",43098,38430,89.2,32636,75.7,73.3,62.1,"CALGARY - UPPER NE","CALGARY"
"Z2.2.A.01","40-59 years",28665,27321,95.3,25194,87.9,82.1,74.8,"CALGARY - UPPER NE","CALGARY"
"Z2.2.A.01","60-74 years",11167,11267,100,10753,96.3,91.5,87.9,"CALGARY - UPPER NE","CALGARY"
"Z2.2.A.01","75+ years",3086,2813,91.1,2775,89.9,92.1,90.4,"CALGARY - UPPER NE","CALGARY"
"Z2.2.A.01","ALL years",120999,91688,75.8,81541,67.4,69.8,62.3,"CALGARY - UPPER NE","CALGARY"
"Z2.2.B.02","12-19 years",9448,7177,76,5965,63.1,74.4,63.3,"CALGARY - LOWER NE","CALGARY"
"Z2.2.B.02","12+ years",81711,67362,82.4,59272,72.5,82,73.2,"CALGARY - LOWER NE","CALGARY"
"Z2.2.B.02","20-39 years",28938,21174,73.2,17248,59.6,73.3,62.1,"CALGARY - LOWER NE","CALGARY"
"Z2.2.B.02","40-59 years",25251,21458,85,19283,76.4,82.1,74.8,"CALGARY - LOWER NE","CALGARY"
"Z2.2.B.02","60-74 years",13643,13013,95.4,12450,91.3,91.5,87.9,"CALGARY - LOWER NE","CALGARY"
"Z2.2.B.02","75+ years",4431,4219,95.2,4125,93.1,92.1,90.4,"CALGARY - LOWER NE","CALGARY"
"Z2.2.B.02","ALL years",96472,67362,69.8,59272,61.4,69.8,62.3,"CALGARY - LOWER NE","CALGARY"
"Z2.3.A.01","12-19 years",6588,4729,71.8,3885,59,74.4,63.3,"CALGARY - EAST","CALGARY"
"Z2.3.A.01","12+ years",62912,49616,78.9,43342,68.9,82,73.2,"CALGARY - EAST","CALGARY"
"Z2.3.A.01","20-39 years",21357,14838,69.5,11982,56.1,73.3,62.1,"CALGARY - EAST","CALGARY"
"Z2.3.A.01","40-59 years",20843,16687,80.1,14791,71,82.1,74.8,"CALGARY - EAST","CALGARY"
"Z2.3.A.01","60-74 years",10681,10011,93.7,9476,88.7,91.5,87.9,"CALGARY - EAST","CALGARY"
"Z2.3.A.01","75+ years",3444,3154,91.6,3090,89.7,92.1,90.4,"CALGARY - EAST","CALGARY"
"Z2.3.A.01","ALL years",72509,49616,68.4,43342,59.8,69.8,62.3,"CALGARY - EAST","CALGARY"
"Z2.3.B.02","12-19 years",12372,10901,88.1,9814,79.3,74.4,63.3,"CALGARY - SE","CALGARY"
"Z2.3.B.02","12+ years",109371,95934,87.7,88893,81.3,82,73.2,"CALGARY - SE","CALGARY"
"Z2.3.B.02","20-39 years",41062,32917,80.2,29394,71.6,73.3,62.1,"CALGARY - SE","CALGARY"
"Z2.3.B.02","40-59 years",37644,33417,88.8,31639,84,82.1,74.8,"CALGARY - SE","CALGARY"
"Z2.3.B.02","60-74 years",14370,14040,97.7,13605,94.7,91.5,87.9,"CALGARY - SE","CALGARY"
"Z2.3.B.02","75+ years",3922,3907,99.6,3904,99.5,92.1,90.4,"CALGARY - SE","CALGARY"
"Z2.3.B.02","ALL years",134420,95934,71.4,88893,66.1,69.8,62.3,"CALGARY - SE","CALGARY"
"Z2.4.A.01","12-19 years",10184,9061,89,8301,81.5,74.4,63.3,"CALGARY - WEST","CALGARY"
"Z2.4.A.01","12+ years",78882,69766,88.4,65757,83.4,82,73.2,"CALGARY - WEST","CALGARY"
"Z2.4.A.01","20-39 years",22334,18265,81.8,16554,74.1,73.3,62.1,"CALGARY - WEST","CALGARY"
"Z2.4.A.01","40-59 years",28093,24601,87.6,23553,83.8,82.1,74.8,"CALGARY - WEST","CALGARY"
"Z2.4.A.01","60-74 years",13214,12453,94.2,12172,92.1,91.5,87.9,"CALGARY - WEST","CALGARY"
"Z2.4.A.01","75+ years",5058,4789,94.7,4754,94,92.1,90.4,"CALGARY - WEST","CALGARY"
"Z2.4.A.01","ALL years",92320,69766,75.6,65757,71.2,69.8,62.3,"CALGARY - WEST","CALGARY"
"Z2.4.B.02","12-19 years",2181,1768,81.1,1489,68.3,74.4,63.3,"CALGARY - CENTRE","CALGARY"
"Z2.4.B.02","12+ years",62359,52016,83.4,46741,75,82,73.2,"CALGARY - CENTRE","CALGARY"
"Z2.4.B.02","20-39 years",32324,27204,84.2,24119,74.6,73.3,62.1,"CALGARY - CENTRE","CALGARY"
"Z2.4.B.02","40-59 years",17045,13602,79.8,12099,71,82.1,74.8,"CALGARY - CENTRE","CALGARY"
"Z2.4.B.02","60-74 years",7882,6907,87.6,6575,83.4,91.5,87.9,"CALGARY - CENTRE","CALGARY"
"Z2.4.B.02","75+ years",2927,2456,83.9,2407,82.2,92.1,90.4,"CALGARY - CENTRE","CALGARY"
"Z2.4.B.02","ALL years",67568,52016,77,46741,69.2,69.8,62.3,"CALGARY - CENTRE","CALGARY"
"Z2.4.C.03","12-19 years",4802,4199,87.4,3740,77.9,74.4,63.3,"CALGARY - CENTRE WEST","CALGARY"
"Z2.4.C.03","12+ years",56896,49799,87.5,45995,80.8,82,73.2,"CALGARY - CENTRE WEST","CALGARY"
"Z2.4.C.03","20-39 years",21247,17503,82.4,15688,73.8,73.3,62.1,"CALGARY - CENTRE WEST","CALGARY"
"Z2.4.C.03","40-59 years",18384,16127,87.7,15020,81.7,82.1,74.8,"CALGARY - CENTRE WEST","CALGARY"
"Z2.4.C.03","60-74 years",8596,8069,93.9,7809,90.8,91.5,87.9,"CALGARY - CENTRE WEST","CALGARY"
"Z2.4.C.03","75+ years",3867,3630,93.9,3542,91.6,92.1,90.4,"CALGARY - CENTRE WEST","CALGARY"
"Z2.4.C.03","ALL years",65845,49799,75.6,45995,69.9,69.8,62.3,"CALGARY - CENTRE WEST","CALGARY"
"Z2.4.D.04","12-19 years",2995,2643,88.2,2377,79.4,74.4,63.3,"CALGARY - ELBOW","CALGARY"
"Z2.4.D.04","12+ years",36799,31491,85.6,29323,79.7,82,73.2,"CALGARY - ELBOW","CALGARY"
"Z2.4.D.04","20-39 years",11923,9348,78.4,8234,69.1,73.3,62.1,"CALGARY - ELBOW","CALGARY"
"Z2.4.D.04","40-59 years",10682,9015,84.4,8408,78.7,82.1,74.8,"CALGARY - ELBOW","CALGARY"
"Z2.4.D.04","60-74 years",7394,6934,93.8,6800,92,91.5,87.9,"CALGARY - ELBOW","CALGARY"
"Z2.4.D.04","75+ years",3805,3399,89.3,3389,89.1,92.1,90.4,"CALGARY - ELBOW","CALGARY"
"Z2.4.D.04","ALL years",40834,31491,77.1,29323,71.8,69.8,62.3,"CALGARY - ELBOW","CALGARY"
"Z2.4.E.05","12-19 years",8807,7115,80.8,6261,71.1,74.4,63.3,"CALGARY - FISH CREEK","CALGARY"
"Z2.4.E.05","12+ years",98116,83283,84.9,76589,78.1,82,73.2,"CALGARY - FISH CREEK","CALGARY"
"Z2.4.E.05","20-39 years",30885,23715,76.8,20614,66.7,73.3,62.1,"CALGARY - FISH CREEK","CALGARY"
"Z2.4.E.05","40-59 years",30114,25578,84.9,23657,78.6,82.1,74.8,"CALGARY - FISH CREEK","CALGARY"
"Z2.4.E.05","60-74 years",20290,18918,93.2,18361,90.5,91.5,87.9,"CALGARY - FISH CREEK","CALGARY"
"Z2.4.E.05","75+ years",8019,7542,94,7413,92.4,92.1,90.4,"CALGARY - FISH CREEK","CALGARY"
"Z2.4.E.05","ALL years",111574,83283,74.6,76589,68.6,69.8,62.3,"CALGARY - FISH CREEK","CALGARY"
"Z2.4.F.06","12-19 years",12468,10545,84.6,9315,74.7,74.4,63.3,"CALGARY - SW","CALGARY"
"Z2.4.F.06","12+ years",99671,87050,87.3,80359,80.6,82,73.2,"CALGARY - SW","CALGARY"
"Z2.4.F.06","20-39 years",32083,25993,81,23017,71.7,73.3,62.1,"CALGARY - SW","CALGARY"
"Z2.4.F.06","40-59 years",34673,30255,87.3,28362,81.8,82.1,74.8,"CALGARY - SW","CALGARY"
"Z2.4.F.06","60-74 years",14889,14277,95.9,13933,93.6,91.5,87.9,"CALGARY - SW","CALGARY"
"Z2.4.F.06","75+ years",5558,5398,97.1,5319,95.7,92.1,90.4,"CALGARY - SW","CALGARY"
"Z2.4.F.06","ALL years",116934,87050,74.4,80359,68.7,69.8,62.3,"CALGARY - SW","CALGARY"
"Z2.5.A.01","12-19 years",5567,4232,76,3553,63.8,74.4,63.3,"OKOTOKS-PRIDDIS","CALGARY"
"Z2.5.A.01","12+ years",39635,31796,80.2,28740,72.5,82,73.2,"OKOTOKS-PRIDDIS","CALGARY"
"Z2.5.A.01","20-39 years",10326,6960,67.4,5827,56.4,73.3,62.1,"OKOTOKS-PRIDDIS","CALGARY"
"Z2.5.A.01","40-59 years",13356,10668,79.9,9793,73.3,82.1,74.8,"OKOTOKS-PRIDDIS","CALGARY"
"Z2.5.A.01","60-74 years",7935,7295,91.9,7013,88.4,91.5,87.9,"OKOTOKS-PRIDDIS","CALGARY"
"Z2.5.A.01","75+ years",2450,2401,98,2387,97.4,92.1,90.4,"OKOTOKS-PRIDDIS","CALGARY"
"Z2.5.A.01","ALL years",46042,31796,69.1,28740,62.4,69.8,62.3,"OKOTOKS-PRIDDIS","CALGARY"
"Z2.5.B.02","12-19 years",762,435,57.1,336,44.1,74.4,63.3,"BLACK DIAMOND","CALGARY"
"Z2.5.B.02","12+ years",7647,5485,71.7,4812,62.9,82,73.2,"BLACK DIAMOND","CALGARY"
"Z2.5.B.02","20-39 years",1793,1024,57.1,790,44.1,73.3,62.1,"BLACK DIAMOND","CALGARY"
"Z2.5.B.02","40-59 years",2338,1597,68.3,1386,59.3,82.1,74.8,"BLACK DIAMOND","CALGARY"
"Z2.5.B.02","60-74 years",2059,1777,86.3,1665,80.9,91.5,87.9,"BLACK DIAMOND","CALGARY"
"Z2.5.B.02","75+ years",694,626,90.2,615,88.6,92.1,90.4,"BLACK DIAMOND","CALGARY"
"Z2.5.B.02","ALL years",8769,5485,62.5,4812,54.9,69.8,62.3,"BLACK DIAMOND","CALGARY"
"Z2.5.B.03","12-19 years",2414,1567,64.9,1254,51.9,74.4,63.3,"HIGH RIVER","CALGARY"
"Z2.5.B.03","12+ years",20713,15529,75,13837,66.8,82,73.2,"HIGH RIVER","CALGARY"
"Z2.5.B.03","20-39 years",5187,3199,61.7,2535,48.9,73.3,62.1,"HIGH RIVER","CALGARY"
"Z2.5.B.03","40-59 years",6088,4525,74.3,4042,66.4,82.1,74.8,"HIGH RIVER","CALGARY"
"Z2.5.B.03","60-74 years",4743,4038,85.1,3862,81.4,91.5,87.9,"HIGH RIVER","CALGARY"
"Z2.5.B.03","75+ years",2280,2135,93.7,2102,92.2,92.1,90.4,"HIGH RIVER","CALGARY"
"Z2.5.B.03","ALL years",23739,15529,65.4,13837,58.3,69.8,62.3,"HIGH RIVER","CALGARY"
"Z2.5.C.04","12-19 years",470,274,58.3,211,44.9,74.4,63.3,"CLARESHOLM","CALGARY"
"Z2.5.C.04","12+ years",5562,4085,73.4,3652,65.7,82,73.2,"CLARESHOLM","CALGARY"
"Z2.5.C.04","20-39 years",1255,708,56.4,552,44,73.3,62.1,"CLARESHOLM","CALGARY"
"Z2.5.C.04","40-59 years",1509,1047,69.4,904,59.9,82.1,74.8,"CLARESHOLM","CALGARY"
"Z2.5.C.04","60-74 years",1510,1300,86.1,1253,83,91.5,87.9,"CLARESHOLM","CALGARY"
"Z2.5.C.04","75+ years",818,737,90,718,87.7,92.1,90.4,"CLARESHOLM","CALGARY"
"Z2.5.C.04","ALL years",6246,4085,65.4,3652,58.5,69.8,62.3,"CLARESHOLM","CALGARY"
"Z2.5.C.05","12-19 years",717,287,40.1,219,30.6,74.4,63.3,"VULCAN","CALGARY"
"Z2.5.C.05","12+ years",5829,3658,62.8,3267,56.1,82,73.2,"VULCAN","CALGARY"
"Z2.5.C.05","20-39 years",1471,646,43.9,518,35.2,73.3,62.1,"VULCAN","CALGARY"
"Z2.5.C.05","40-59 years",1513,952,62.9,811,53.6,82.1,74.8,"VULCAN","CALGARY"
"Z2.5.C.05","60-74 years",1470,1191,81,1157,78.7,91.5,87.9,"VULCAN","CALGARY"
"Z2.5.C.05","75+ years",658,569,86.5,554,84.2,92.1,90.4,"VULCAN","CALGARY"
"Z2.5.C.05","ALL years",6775,3658,54,3267,48.2,69.8,62.3,"VULCAN","CALGARY"
"Z2.6.A.01","12-19 years",7732,6188,80,5327,68.9,74.4,63.3,"AIRDRIE","CALGARY"
"Z2.6.A.01","12+ years",59566,49093,82.4,43772,73.5,82,73.2,"AIRDRIE","CALGARY"
"Z2.6.A.01","20-39 years",21827,16054,73.6,13486,61.8,73.3,62.1,"AIRDRIE","CALGARY"
"Z2.6.A.01","40-59 years",19629,16586,84.5,15174,77.3,82.1,74.8,"AIRDRIE","CALGARY"
"Z2.6.A.01","60-74 years",8273,7914,95.7,7586,91.7,91.5,87.9,"AIRDRIE","CALGARY"
"Z2.6.A.01","75+ years",2105,1949,92.6,1944,92.3,92.1,90.4,"AIRDRIE","CALGARY"
"Z2.6.A.01","ALL years",73698,49093,66.6,43772,59.4,69.8,62.3,"AIRDRIE","CALGARY"
"Z2.6.B.02","12-19 years",2919,2416,82.8,2104,72.1,74.4,63.3,"CHESTERMERE","CALGARY"
"Z2.6.B.02","12+ years",21021,18051,85.9,16359,77.8,82,73.2,"CHESTERMERE","CALGARY"
"Z2.6.B.02","20-39 years",6459,5073,78.5,4385,67.9,73.3,62.1,"CHESTERMERE","CALGARY"
"Z2.6.B.02","40-59 years",7138,6163,86.3,5652,79.2,82.1,74.8,"CHESTERMERE","CALGARY"
"Z2.6.B.02","60-74 years",3422,3203,93.6,3084,90.1,91.5,87.9,"CHESTERMERE","CALGARY"
"Z2.6.B.02","75+ years",1083,1065,98.3,1037,95.7,92.1,90.4,"CHESTERMERE","CALGARY"
"Z2.6.B.02","ALL years",25015,18051,72.2,16359,65.4,69.8,62.3,"CHESTERMERE","CALGARY"
"Z2.6.C.03","12-19 years",4133,2950,71.4,2384,57.7,74.4,63.3,"STRATHMORE","CALGARY"
"Z2.6.C.03","12+ years",30184,23298,77.2,20483,67.9,82,73.2,"STRATHMORE","CALGARY"
"Z2.6.C.03","20-39 years",8831,5833,66.1,4741,53.7,73.3,62.1,"STRATHMORE","CALGARY"
"Z2.6.C.03","40-59 years",9944,7800,78.4,6975,70.1,82.1,74.8,"STRATHMORE","CALGARY"
"Z2.6.C.03","60-74 years",5378,4779,88.9,4540,84.4,91.5,87.9,"STRATHMORE","CALGARY"
"Z2.6.C.03","75+ years",1897,1753,92.4,1720,90.6,92.1,90.4,"STRATHMORE","CALGARY"
"Z2.6.C.03","ALL years",35685,23298,65.3,20483,57.4,69.8,62.3,"STRATHMORE","CALGARY"
"Z2.6.C.04","12-19 years",876,547,62.5,442,50.5,74.4,63.3,"CROSSFIELD","CALGARY"
"Z2.6.C.04","12+ years",7908,5454,69,4851,61.3,82,73.2,"CROSSFIELD","CALGARY"
"Z2.6.C.04","20-39 years",2232,1250,56,1009,45.2,73.3,62.1,"CROSSFIELD","CALGARY"
"Z2.6.C.04","40-59 years",2574,1798,69.9,1592,61.9,82.1,74.8,"CROSSFIELD","CALGARY"
"Z2.6.C.04","60-74 years",1743,1419,81.4,1375,78.9,91.5,87.9,"CROSSFIELD","CALGARY"
"Z2.6.C.04","75+ years",482,410,85,411,85.2,92.1,90.4,"CROSSFIELD","CALGARY"
"Z2.6.C.04","ALL years",9164,5454,59.5,4851,52.9,69.8,62.3,"CROSSFIELD","CALGARY"
"Z2.6.C.05","12-19 years",1656,910,54.9,745,45,74.4,63.3,"DIDSBURY","CALGARY"
"Z2.6.C.05","12+ years",14099,9812,69.6,8638,61.3,82,73.2,"DIDSBURY","CALGARY"
"Z2.6.C.05","20-39 years",3607,1951,54.1,1526,42.3,73.3,62.1,"DIDSBURY","CALGARY"
"Z2.6.C.05","40-59 years",4440,3030,68.2,2649,59.7,82.1,74.8,"DIDSBURY","CALGARY"
"Z2.6.C.05","60-74 years",3217,2733,85,2571,79.9,91.5,87.9,"DIDSBURY","CALGARY"
"Z2.6.C.05","75+ years",1178,1121,95.1,1102,93.5,92.1,90.4,"DIDSBURY","CALGARY"
"Z2.6.C.05","ALL years",16475,9812,59.6,8638,52.4,69.8,62.3,"DIDSBURY","CALGARY"
"Z2.7.A.01","12-19 years",5229,4100,78.4,3600,68.8,74.4,63.3,"COCHRANE-SPRINGBANK","CALGARY"
"Z2.7.A.01","12+ years",43490,36073,82.9,33168,76.3,82,73.2,"COCHRANE-SPRINGBANK","CALGARY"
"Z2.7.A.01","20-39 years",12307,9130,74.2,7884,64.1,73.3,62.1,"COCHRANE-SPRINGBANK","CALGARY"
"Z2.7.A.01","40-59 years",13975,11565,82.8,10776,77.1,82.1,74.8,"COCHRANE-SPRINGBANK","CALGARY"
"Z2.7.A.01","60-74 years",9234,8393,90.9,8110,87.8,91.5,87.9,"COCHRANE-SPRINGBANK","CALGARY"
"Z2.7.A.01","75+ years",2744,2645,96.4,2637,96.1,92.1,90.4,"COCHRANE-SPRINGBANK","CALGARY"
"Z2.7.A.01","ALL years",50816,36073,71,33168,65.3,69.8,62.3,"COCHRANE-SPRINGBANK","CALGARY"
"Z2.7.B.02","12-19 years",2491,2237,89.8,1848,74.2,74.4,63.3,"CANMORE","CALGARY"
"Z2.7.B.02","12+ years",24091,20816,86.4,18393,76.3,82,73.2,"CANMORE","CALGARY"
"Z2.7.B.02","20-39 years",8313,6535,78.6,5332,64.1,73.3,62.1,"CANMORE","CALGARY"
"Z2.7.B.02","40-59 years",7614,6541,85.9,5935,77.9,82.1,74.8,"CANMORE","CALGARY"
"Z2.7.B.02","60-74 years",4475,4229,94.5,4054,90.6,91.5,87.9,"CANMORE","CALGARY"
"Z2.7.B.02","75+ years",1197,1149,96,1142,95.4,92.1,90.4,"CANMORE","CALGARY"
"Z2.7.B.02","ALL years",27674,20816,75.2,18393,66.5,69.8,62.3,"CANMORE","CALGARY"
"Z2.7.B.03","12-19 years",697,588,84.4,473,67.9,74.4,63.3,"BANFF","CALGARY"
"Z2.7.B.03","12+ years",12678,9477,74.8,8068,63.6,82,73.2,"BANFF","CALGARY"
"Z2.7.B.03","20-39 years",7720,5209,67.5,4159,53.9,73.3,62.1,"BANFF","CALGARY"
"Z2.7.B.03","40-59 years",2933,2453,83.6,2233,76.1,82.1,74.8,"BANFF","CALGARY"
"Z2.7.B.03","60-74 years",1035,934,90.3,919,88.8,91.5,87.9,"BANFF","CALGARY"
"Z2.7.B.03","75+ years",294,268,91.2,270,91.9,92.1,90.4,"BANFF","CALGARY"
"Z2.7.B.03","ALL years",13451,9477,70.5,8068,60,69.8,62.3,"BANFF","CALGARY"
"Z3.1.A.01","12-19 years",2146,984,45.9,737,34.3,74.4,63.3,"ROCKY MOUNTAIN HOUSE","CENTRAL"
"Z3.1.A.01","12+ years",17407,10846,62.3,9264,53.2,82,73.2,"ROCKY MOUNTAIN HOUSE","CENTRAL"
"Z3.1.A.01","20-39 years",5146,2370,46.1,1766,34.3,73.3,62.1,"ROCKY MOUNTAIN HOUSE","CENTRAL"
"Z3.1.A.01","40-59 years",5256,3371,64.1,2856,54.3,82.1,74.8,"ROCKY MOUNTAIN HOUSE","CENTRAL"
"Z3.1.A.01","60-74 years",3511,2892,82.4,2725,77.6,91.5,87.9,"ROCKY MOUNTAIN HOUSE","CENTRAL"
"Z3.1.A.01","75+ years",1348,1191,88.3,1159,86,92.1,90.4,"ROCKY MOUNTAIN HOUSE","CENTRAL"
"Z3.1.A.01","ALL years",20389,10846,53.2,9264,45.4,69.8,62.3,"ROCKY MOUNTAIN HOUSE","CENTRAL"
"Z3.1.B.02","12-19 years",1821,851,46.7,572,31.4,74.4,63.3,"DRAYTON VALLEY","CENTRAL"
"Z3.1.B.02","12+ years",15370,9168,59.6,7717,50.2,82,73.2,"DRAYTON VALLEY","CENTRAL"
"Z3.1.B.02","20-39 years",4752,2083,43.8,1562,32.9,73.3,62.1,"DRAYTON VALLEY","CENTRAL"
"Z3.1.B.02","40-59 years",4830,2898,60,2441,50.5,82.1,74.8,"DRAYTON VALLEY","CENTRAL"
"Z3.1.B.02","60-74 years",2905,2388,82.2,2234,76.9,91.5,87.9,"DRAYTON VALLEY","CENTRAL"
"Z3.1.B.02","75+ years",1062,914,86.1,884,83.2,92.1,90.4,"DRAYTON VALLEY","CENTRAL"
"Z3.1.B.02","ALL years",18075,9168,50.7,7717,42.7,69.8,62.3,"DRAYTON VALLEY","CENTRAL"
"Z3.2.A.01","12-19 years",633,267,42.2,222,35.1,74.4,63.3,"SUNDRE","CENTRAL"
"Z3.2.A.01","12+ years",6039,3763,62.3,3359,55.6,82,73.2,"SUNDRE","CENTRAL"
"Z3.2.A.01","20-39 years",1424,626,44,452,31.7,73.3,62.1,"SUNDRE","CENTRAL"
"Z3.2.A.01","40-59 years",1767,1060,60,917,51.9,82.1,74.8,"SUNDRE","CENTRAL"
"Z3.2.A.01","60-74 years",1587,1257,79.2,1229,77.4,91.5,87.9,"SUNDRE","CENTRAL"
"Z3.2.A.01","75+ years",628,546,86.9,537,85.4,92.1,90.4,"SUNDRE","CENTRAL"
"Z3.2.A.01","ALL years",6782,3763,55.5,3359,49.5,69.8,62.3,"SUNDRE","CENTRAL"
"Z3.2.A.02","12-19 years",1159,749,64.6,566,48.8,74.4,63.3,"OLDS","CENTRAL"
"Z3.2.A.02","12+ years",10997,8189,74.5,7246,65.9,82,73.2,"OLDS","CENTRAL"
"Z3.2.A.02","20-39 years",3171,1970,62.1,1579,49.8,73.3,62.1,"OLDS","CENTRAL"
"Z3.2.A.02","40-59 years",3112,2316,74.4,2025,65.1,82.1,74.8,"OLDS","CENTRAL"
"Z3.2.A.02","60-74 years",2231,1966,88.1,1900,85.2,91.5,87.9,"OLDS","CENTRAL"
"Z3.2.A.02","75+ years",1324,1164,87.9,1157,87.4,92.1,90.4,"OLDS","CENTRAL"
"Z3.2.A.02","ALL years",12597,8189,65,7246,57.5,69.8,62.3,"OLDS","CENTRAL"
"Z3.2.B.03","12-19 years",1470,872,59.3,688,46.8,74.4,63.3,"INNISFAIL","CENTRAL"
"Z3.2.B.03","12+ years",14040,10736,76.5,9473,67.5,82,73.2,"INNISFAIL","CENTRAL"
"Z3.2.B.03","20-39 years",3792,2383,62.8,1898,50,73.3,62.1,"INNISFAIL","CENTRAL"
"Z3.2.B.03","40-59 years",4159,3268,78.6,2839,68.3,82.1,74.8,"INNISFAIL","CENTRAL"
"Z3.2.B.03","60-74 years",3187,2847,89.3,2718,85.3,91.5,87.9,"INNISFAIL","CENTRAL"
"Z3.2.B.03","75+ years",1432,1335,93.2,1305,91.2,92.1,90.4,"INNISFAIL","CENTRAL"
"Z3.2.B.03","ALL years",15939,10736,67.4,9473,59.4,69.8,62.3,"INNISFAIL","CENTRAL"
"Z3.2.C.04","12-19 years",2739,1568,57.2,1203,43.9,74.4,63.3,"RED DEER COUNTY","CENTRAL"
"Z3.2.C.04","12+ years",24510,15808,64.5,13573,55.4,82,73.2,"RED DEER COUNTY","CENTRAL"
"Z3.2.C.04","20-39 years",8731,4539,52,3487,39.9,73.3,62.1,"RED DEER COUNTY","CENTRAL"
"Z3.2.C.04","40-59 years",7394,4949,66.9,4308,58.3,82.1,74.8,"RED DEER COUNTY","CENTRAL"
"Z3.2.C.04","60-74 years",4347,3527,81.1,3372,77.6,91.5,87.9,"RED DEER COUNTY","CENTRAL"
"Z3.2.C.04","75+ years",1299,1160,89.3,1152,88.7,92.1,90.4,"RED DEER COUNTY","CENTRAL"
"Z3.2.C.04","ALL years",29495,15808,53.6,13573,46,69.8,62.3,"RED DEER COUNTY","CENTRAL"
"Z3.2.C.05","12-19 years",1853,1024,55.2,787,42.5,74.4,63.3,"SYLVAN LAKE","CENTRAL"
"Z3.2.C.05","12+ years",15072,9651,64,8210,54.5,82,73.2,"SYLVAN LAKE","CENTRAL"
"Z3.2.C.05","20-39 years",5654,2850,50.4,2163,38.3,73.3,62.1,"SYLVAN LAKE","CENTRAL"
"Z3.2.C.05","40-59 years",4664,3210,68.8,2790,59.8,82.1,74.8,"SYLVAN LAKE","CENTRAL"
"Z3.2.C.05","60-74 years",2283,1945,85.2,1874,82.1,91.5,87.9,"SYLVAN LAKE","CENTRAL"
"Z3.2.C.05","75+ years",617,565,91.6,560,90.8,92.1,90.4,"SYLVAN LAKE","CENTRAL"
"Z3.2.C.05","ALL years",18013,9651,53.6,8210,45.6,69.8,62.3,"SYLVAN LAKE","CENTRAL"
"Z3.3.A.01","12-19 years",1125,561,49.9,406,36.1,74.4,63.3,"THREE HILLS/HIGHWAY 21","CENTRAL"
"Z3.3.A.01","12+ years",9283,6022,64.9,5166,55.6,82,73.2,"THREE HILLS/HIGHWAY 21","CENTRAL"
"Z3.3.A.01","20-39 years",2484,1303,52.5,1018,41,73.3,62.1,"THREE HILLS/HIGHWAY 21","CENTRAL"
"Z3.3.A.01","40-59 years",2670,1720,64.4,1490,55.8,82.1,74.8,"THREE HILLS/HIGHWAY 21","CENTRAL"
"Z3.3.A.01","60-74 years",2007,1603,79.9,1460,72.7,91.5,87.9,"THREE HILLS/HIGHWAY 21","CENTRAL"
"Z3.3.A.01","75+ years",997,807,80.9,769,77.1,92.1,90.4,"THREE HILLS/HIGHWAY 21","CENTRAL"
"Z3.3.A.01","ALL years",10816,6022,55.7,5166,47.8,69.8,62.3,"THREE HILLS/HIGHWAY 21","CENTRAL"
"Z3.3.A.02","12-19 years",1126,702,62.3,562,49.9,74.4,63.3,"STARLAND COUNTY/DRUMHELLER","CENTRAL"
"Z3.3.A.02","12+ years",10333,8017,77.6,6914,66.9,82,73.2,"STARLAND COUNTY/DRUMHELLER","CENTRAL"
"Z3.3.A.02","20-39 years",2844,2006,70.5,1593,56,73.3,62.1,"STARLAND COUNTY/DRUMHELLER","CENTRAL"
"Z3.3.A.02","40-59 years",3100,2361,76.2,2000,64.5,82.1,74.8,"STARLAND COUNTY/DRUMHELLER","CENTRAL"
"Z3.3.A.02","60-74 years",2316,2042,88.2,1882,81.3,91.5,87.9,"STARLAND COUNTY/DRUMHELLER","CENTRAL"
"Z3.3.A.02","75+ years",947,882,93.1,866,91.4,92.1,90.4,"STARLAND COUNTY/DRUMHELLER","CENTRAL"
"Z3.3.A.02","ALL years",11802,8017,67.9,6914,58.6,69.8,62.3,"STARLAND COUNTY/DRUMHELLER","CENTRAL"
"Z3.3.A.04","12-19 years",341,160,46.9,128,37.5,74.4,63.3,"PLANNING & SPECIAL AREA 2","CENTRAL"
"Z3.3.A.04","12+ years",3232,2125,65.7,1825,56.5,82,73.2,"PLANNING & SPECIAL AREA 2","CENTRAL"
"Z3.3.A.04","20-39 years",776,413,53.2,283,36.5,73.3,62.1,"PLANNING & SPECIAL AREA 2","CENTRAL"
"Z3.3.A.04","40-59 years",959,624,65,530,55.2,82.1,74.8,"PLANNING & SPECIAL AREA 2","CENTRAL"
"Z3.3.A.04","60-74 years",781,587,75.1,554,70.9,91.5,87.9,"PLANNING & SPECIAL AREA 2","CENTRAL"
"Z3.3.A.04","75+ years",374,335,89.5,326,87.1,92.1,90.4,"PLANNING & SPECIAL AREA 2","CENTRAL"
"Z3.3.A.04","ALL years",3648,2125,58.3,1825,50,69.8,62.3,"PLANNING & SPECIAL AREA 2","CENTRAL"
"Z3.3.B.03","12-19 years",1183,560,47.3,431,36.4,74.4,63.3,"STETTLER & COUNTY","CENTRAL"
"Z3.3.B.03","12+ years",10670,6809,63.8,5991,56.1,82,73.2,"STETTLER & COUNTY","CENTRAL"
"Z3.3.B.03","20-39 years",3021,1432,47.4,1108,36.7,73.3,62.1,"STETTLER & COUNTY","CENTRAL"
"Z3.3.B.03","40-59 years",3021,1949,64.5,1705,56.4,82.1,74.8,"STETTLER & COUNTY","CENTRAL"
"Z3.3.B.03","60-74 years",2312,1854,80.2,1763,76.2,91.5,87.9,"STETTLER & COUNTY","CENTRAL"
"Z3.3.B.03","75+ years",1131,993,87.8,971,85.8,92.1,90.4,"STETTLER & COUNTY","CENTRAL"
"Z3.3.B.03","ALL years",12520,6809,54.4,5991,47.9,69.8,62.3,"STETTLER & COUNTY","CENTRAL"
"Z3.3.B.05","12-19 years",666,315,47.3,232,34.8,74.4,63.3,"CASTOR/CORONATION/CONSORT","CENTRAL"
"Z3.3.B.05","12+ years",5266,3242,61.6,2859,54.3,82,73.2,"CASTOR/CORONATION/CONSORT","CENTRAL"
"Z3.3.B.05","20-39 years",1389,659,47.5,510,36.7,73.3,62.1,"CASTOR/CORONATION/CONSORT","CENTRAL"
"Z3.3.B.05","40-59 years",1520,896,59,775,51,82.1,74.8,"CASTOR/CORONATION/CONSORT","CENTRAL"
"Z3.3.B.05","60-74 years",1173,937,79.9,923,78.7,91.5,87.9,"CASTOR/CORONATION/CONSORT","CENTRAL"
"Z3.3.B.05","75+ years",518,419,80.9,411,79.4,92.1,90.4,"CASTOR/CORONATION/CONSORT","CENTRAL"
"Z3.3.B.05","ALL years",6160,3242,52.6,2859,46.4,69.8,62.3,"CASTOR/CORONATION/CONSORT","CENTRAL"
"Z3.4.A.01","12-19 years",3849,2088,54.2,1524,39.6,74.4,63.3,"WETASKIWIN COUNTY","CENTRAL"
"Z3.4.A.01","12+ years",27993,19328,69,16550,59.1,82,73.2,"WETASKIWIN COUNTY","CENTRAL"
"Z3.4.A.01","20-39 years",8372,4673,55.8,3573,42.7,73.3,62.1,"WETASKIWIN COUNTY","CENTRAL"
"Z3.4.A.01","40-59 years",7865,5684,72.3,4878,62,82.1,74.8,"WETASKIWIN COUNTY","CENTRAL"
"Z3.4.A.01","60-74 years",5542,4632,83.6,4393,79.3,91.5,87.9,"WETASKIWIN COUNTY","CENTRAL"
"Z3.4.A.01","75+ years",2365,2149,90.9,2125,89.9,92.1,90.4,"WETASKIWIN COUNTY","CENTRAL"
"Z3.4.A.01","ALL years",33715,19328,57.3,16550,49.1,69.8,62.3,"WETASKIWIN COUNTY","CENTRAL"
"Z3.4.B.02","12-19 years",1197,575,48,458,38.3,74.4,63.3,"PONOKA","CENTRAL"
"Z3.4.B.02","12+ years",10503,7048,67.1,6175,58.8,82,73.2,"PONOKA","CENTRAL"
"Z3.4.B.02","20-39 years",3182,1676,52.7,1321,41.5,73.3,62.1,"PONOKA","CENTRAL"
"Z3.4.B.02","40-59 years",2983,2138,71.7,1855,62.2,82.1,74.8,"PONOKA","CENTRAL"
"Z3.4.B.02","60-74 years",2142,1775,82.9,1672,78,91.5,87.9,"PONOKA","CENTRAL"
"Z3.4.B.02","75+ years",998,867,86.9,859,86.1,92.1,90.4,"PONOKA","CENTRAL"
"Z3.4.B.02","ALL years",12399,7048,56.8,6175,49.8,69.8,62.3,"PONOKA","CENTRAL"
"Z3.4.B.03","12-19 years",890,402,45.2,296,33.3,74.4,63.3,"RIMBEY","CENTRAL"
"Z3.4.B.03","12+ years",8661,5293,61.1,4596,53.1,82,73.2,"RIMBEY","CENTRAL"
"Z3.4.B.03","20-39 years",2214,917,41.4,687,31,73.3,62.1,"RIMBEY","CENTRAL"
"Z3.4.B.03","40-59 years",2474,1425,57.6,1181,47.7,82.1,74.8,"RIMBEY","CENTRAL"
"Z3.4.B.03","60-74 years",2174,1746,80.3,1656,76.2,91.5,87.9,"RIMBEY","CENTRAL"
"Z3.4.B.03","75+ years",910,781,85.9,762,83.8,92.1,90.4,"RIMBEY","CENTRAL"
"Z3.4.B.03","ALL years",10013,5293,52.9,4596,45.9,69.8,62.3,"RIMBEY","CENTRAL"
"Z3.4.B.04","12-19 years",2417,1313,54.3,1014,42,74.4,63.3,"LACOMBE","CENTRAL"
"Z3.4.B.04","12+ years",19927,13481,67.7,11797,59.2,82,73.2,"LACOMBE","CENTRAL"
"Z3.4.B.04","20-39 years",6112,3329,54.5,2639,43.2,73.3,62.1,"LACOMBE","CENTRAL"
"Z3.4.B.04","40-59 years",5814,4068,70,3593,61.8,82.1,74.8,"LACOMBE","CENTRAL"
"Z3.4.B.04","60-74 years",3945,3260,82.6,3095,78.5,91.5,87.9,"LACOMBE","CENTRAL"
"Z3.4.B.04","75+ years",1639,1444,88.1,1416,86.4,92.1,90.4,"LACOMBE","CENTRAL"
"Z3.4.B.04","ALL years",23417,13481,57.6,11797,50.4,69.8,62.3,"LACOMBE","CENTRAL"
"Z3.5.A.01","12-19 years",2723,1796,66,1488,54.6,74.4,63.3,"CAMROSE & COUNTY","CENTRAL"
"Z3.5.A.01","12+ years",26001,20017,77,18007,69.3,82,73.2,"CAMROSE & COUNTY","CENTRAL"
"Z3.5.A.01","20-39 years",7569,4870,64.3,4023,53.2,73.3,62.1,"CAMROSE & COUNTY","CENTRAL"
"Z3.5.A.01","40-59 years",7205,5582,77.5,4955,68.8,82.1,74.8,"CAMROSE & COUNTY","CENTRAL"
"Z3.5.A.01","60-74 years",5568,4912,88.2,4758,85.5,91.5,87.9,"CAMROSE & COUNTY","CENTRAL"
"Z3.5.A.01","75+ years",2937,2755,93.8,2707,92.2,92.1,90.4,"CAMROSE & COUNTY","CENTRAL"
"Z3.5.A.01","ALL years",30125,20017,66.4,18007,59.8,69.8,62.3,"CAMROSE & COUNTY","CENTRAL"
"Z3.5.B.02","12-19 years",725,402,55.5,327,45.1,74.4,63.3,"TOFIELD","CENTRAL"
"Z3.5.B.02","12+ years",6696,4741,70.8,4174,62.3,82,73.2,"TOFIELD","CENTRAL"
"Z3.5.B.02","20-39 years",1797,1065,59.3,866,48.2,73.3,62.1,"TOFIELD","CENTRAL"
"Z3.5.B.02","40-59 years",2038,1448,71.1,1241,60.9,82.1,74.8,"TOFIELD","CENTRAL"
"Z3.5.B.02","60-74 years",1527,1292,84.6,1226,80.3,91.5,87.9,"TOFIELD","CENTRAL"
"Z3.5.B.02","75+ years",609,520,85.4,505,82.9,92.1,90.4,"TOFIELD","CENTRAL"
"Z3.5.B.02","ALL years",7797,4741,60.8,4174,53.5,69.8,62.3,"TOFIELD","CENTRAL"
"Z3.5.B.03","12-19 years",211,122,57.7,106,50.2,74.4,63.3,"VIKING","CENTRAL"
"Z3.5.B.03","12+ years",2078,1503,72.3,1357,65.3,82,73.2,"VIKING","CENTRAL"
"Z3.5.B.03","20-39 years",497,315,63.4,259,52.1,73.3,62.1,"VIKING","CENTRAL"
"Z3.5.B.03","40-59 years",582,404,69.4,361,62,82.1,74.8,"VIKING","CENTRAL"
"Z3.5.B.03","60-74 years",504,409,81.1,386,76.5,91.5,87.9,"VIKING","CENTRAL"
"Z3.5.B.03","75+ years",283,247,87.1,242,85.4,92.1,90.4,"VIKING","CENTRAL"
"Z3.5.B.03","ALL years",2351,1503,63.9,1357,57.7,69.8,62.3,"VIKING","CENTRAL"
"Z3.5.B.04","12-19 years",818,483,59.1,412,50.4,74.4,63.3,"FLAGSTAFF COUNTY","CENTRAL"
"Z3.5.B.04","12+ years",7364,5415,73.5,4845,65.8,82,73.2,"FLAGSTAFF COUNTY","CENTRAL"
"Z3.5.B.04","20-39 years",1831,1065,58.2,857,46.8,73.3,62.1,"FLAGSTAFF COUNTY","CENTRAL"
"Z3.5.B.04","40-59 years",2121,1518,71.6,1339,63.1,82.1,74.8,"FLAGSTAFF COUNTY","CENTRAL"
"Z3.5.B.04","60-74 years",1767,1577,89.3,1494,84.6,91.5,87.9,"FLAGSTAFF COUNTY","CENTRAL"
"Z3.5.B.04","75+ years",827,754,91.2,732,88.5,92.1,90.4,"FLAGSTAFF COUNTY","CENTRAL"
"Z3.5.B.04","ALL years",8426,5415,64.3,4845,57.5,69.8,62.3,"FLAGSTAFF COUNTY","CENTRAL"
"Z3.5.C.05","12-19 years",548,343,62.5,285,52,74.4,63.3,"MD OF PROVOST","CENTRAL"
"Z3.5.C.05","12+ years",4184,2974,71.1,2566,61.3,82,73.2,"MD OF PROVOST","CENTRAL"
"Z3.5.C.05","20-39 years",1229,698,56.8,523,42.5,73.3,62.1,"MD OF PROVOST","CENTRAL"
"Z3.5.C.05","40-59 years",1260,925,73.4,796,63.2,82.1,74.8,"MD OF PROVOST","CENTRAL"
"Z3.5.C.05","60-74 years",772,664,86,632,81.8,91.5,87.9,"MD OF PROVOST","CENTRAL"
"Z3.5.C.05","75+ years",374,330,88.2,323,86.3,92.1,90.4,"MD OF PROVOST","CENTRAL"
"Z3.5.C.05","ALL years",4860,2974,61.2,2566,52.8,69.8,62.3,"MD OF PROVOST","CENTRAL"
"Z3.5.C.06","12-19 years",1253,832,66.4,692,55.2,74.4,63.3,"MD OF WAINWRIGHT","CENTRAL"
"Z3.5.C.06","12+ years",10015,7626,76.1,6748,67.4,82,73.2,"MD OF WAINWRIGHT","CENTRAL"
"Z3.5.C.06","20-39 years",3184,2067,64.9,1734,54.5,73.3,62.1,"MD OF WAINWRIGHT","CENTRAL"
"Z3.5.C.06","40-59 years",2952,2337,79.2,2033,68.9,82.1,74.8,"MD OF WAINWRIGHT","CENTRAL"
"Z3.5.C.06","60-74 years",1855,1654,89.2,1582,85.3,91.5,87.9,"MD OF WAINWRIGHT","CENTRAL"
"Z3.5.C.06","75+ years",771,695,90.2,680,88.2,92.1,90.4,"MD OF WAINWRIGHT","CENTRAL"
"Z3.5.C.06","ALL years",11915,7626,64,6748,56.6,69.8,62.3,"MD OF WAINWRIGHT","CENTRAL"
"Z3.6.A.01","12-19 years",515,329,63.9,258,50.1,74.4,63.3,"LAMONT COUNTY","CENTRAL"
"Z3.6.A.01","12+ years",5537,3991,72.1,3481,62.9,82,73.2,"LAMONT COUNTY","CENTRAL"
"Z3.6.A.01","20-39 years",1476,841,57,616,41.7,73.3,62.1,"LAMONT COUNTY","CENTRAL"
"Z3.6.A.01","40-59 years",1587,1109,69.9,972,61.2,82.1,74.8,"LAMONT COUNTY","CENTRAL"
"Z3.6.A.01","60-74 years",1367,1154,84.4,1096,80.2,91.5,87.9,"LAMONT COUNTY","CENTRAL"
"Z3.6.A.01","75+ years",592,541,91.3,528,89.1,92.1,90.4,"LAMONT COUNTY","CENTRAL"
"Z3.6.A.01","ALL years",6388,3991,62.5,3481,54.5,69.8,62.3,"LAMONT COUNTY","CENTRAL"
"Z3.6.A.02","12-19 years",735,127,17.3,91,12.4,74.4,63.3,"TWO HILLS COUNTY","CENTRAL"
"Z3.6.A.02","12+ years",4425,2015,45.5,1770,40,82,73.2,"TWO HILLS COUNTY","CENTRAL"
"Z3.6.A.02","20-39 years",1358,339,25,261,19.2,73.3,62.1,"TWO HILLS COUNTY","CENTRAL"
"Z3.6.A.02","40-59 years",1099,527,48,435,39.6,82.1,74.8,"TWO HILLS COUNTY","CENTRAL"
"Z3.6.A.02","60-74 years",799,633,79.3,603,75.5,91.5,87.9,"TWO HILLS COUNTY","CENTRAL"
"Z3.6.A.02","75+ years",434,380,87.5,376,86.6,92.1,90.4,"TWO HILLS COUNTY","CENTRAL"
"Z3.6.A.02","ALL years",5579,2015,36.1,1770,31.7,69.8,62.3,"TWO HILLS COUNTY","CENTRAL"
"Z3.6.A.03","12-19 years",938,558,59.5,459,48.9,74.4,63.3,"VEGREVILLE/MINBURN COUNTY","CENTRAL"
"Z3.6.A.03","12+ years",9025,6788,75.2,6065,67.2,82,73.2,"VEGREVILLE/MINBURN COUNTY","CENTRAL"
"Z3.6.A.03","20-39 years",2356,1425,60.5,1150,48.8,73.3,62.1,"VEGREVILLE/MINBURN COUNTY","CENTRAL"
"Z3.6.A.03","40-59 years",2622,1980,75.5,1748,66.7,82.1,74.8,"VEGREVILLE/MINBURN COUNTY","CENTRAL"
"Z3.6.A.03","60-74 years",1975,1746,88.4,1673,84.7,91.5,87.9,"VEGREVILLE/MINBURN COUNTY","CENTRAL"
"Z3.6.A.03","75+ years",1134,1051,92.7,1024,90.3,92.1,90.4,"VEGREVILLE/MINBURN COUNTY","CENTRAL"
"Z3.6.A.03","ALL years",10323,6788,65.8,6065,58.8,69.8,62.3,"VEGREVILLE/MINBURN COUNTY","CENTRAL"
"Z3.6.B.04","12-19 years",3942,1964,49.8,1208,30.6,74.4,63.3,"VERMILION RIVER COUNTY","CENTRAL"
"Z3.6.B.04","12+ years",31122,16822,54.1,11462,36.8,82,73.2,"VERMILION RIVER COUNTY","CENTRAL"
"Z3.6.B.04","20-39 years",10076,4365,43.3,2759,27.4,73.3,62.1,"VERMILION RIVER COUNTY","CENTRAL"
"Z3.6.B.04","40-59 years",9478,4961,52.3,3339,35.2,82.1,74.8,"VERMILION RIVER COUNTY","CENTRAL"
"Z3.6.B.04","60-74 years",5320,3777,71,2874,54,91.5,87.9,"VERMILION RIVER COUNTY","CENTRAL"
"Z3.6.B.04","75+ years",2307,1669,72.4,1224,53.1,92.1,90.4,"VERMILION RIVER COUNTY","CENTRAL"
"Z3.6.B.04","ALL years",36740,16822,45.8,11462,31.2,69.8,62.3,"VERMILION RIVER COUNTY","CENTRAL"
"Z3.7.A.01","12-19 years",3495,2152,61.6,1768,50.6,74.4,63.3,"RED DEER - NORTH","CENTRAL"
"Z3.7.A.01","12+ years",30295,21584,71.2,18788,62,82,73.2,"RED DEER - NORTH","CENTRAL"
"Z3.7.A.01","20-39 years",11227,6605,58.8,5240,46.7,73.3,62.1,"RED DEER - NORTH","CENTRAL"
"Z3.7.A.01","40-59 years",9082,6863,75.6,6055,66.7,82.1,74.8,"RED DEER - NORTH","CENTRAL"
"Z3.7.A.01","60-74 years",4794,4273,89.1,4091,85.3,91.5,87.9,"RED DEER - NORTH","CENTRAL"
"Z3.7.A.01","75+ years",1697,1575,92.8,1556,91.7,92.1,90.4,"RED DEER - NORTH","CENTRAL"
"Z3.7.A.01","ALL years",35640,21584,60.6,18788,52.7,69.8,62.3,"RED DEER - NORTH","CENTRAL"
"Z3.7.B.02","12-19 years",1044,663,63.5,506,48.5,74.4,63.3,"RED DEER - SW","CENTRAL"
"Z3.7.B.02","12+ years",13907,9740,70,8455,60.8,82,73.2,"RED DEER - SW","CENTRAL"
"Z3.7.B.02","20-39 years",4913,2889,58.8,2285,46.5,73.3,62.1,"RED DEER - SW","CENTRAL"
"Z3.7.B.02","40-59 years",4114,2905,70.6,2529,61.5,82.1,74.8,"RED DEER - SW","CENTRAL"
"Z3.7.B.02","60-74 years",2601,2205,84.8,2082,80.1,91.5,87.9,"RED DEER - SW","CENTRAL"
"Z3.7.B.02","75+ years",1235,1054,85.3,1035,83.8,92.1,90.4,"RED DEER - SW","CENTRAL"
"Z3.7.B.02","ALL years",15679,9740,62.1,8455,53.9,69.8,62.3,"RED DEER - SW","CENTRAL"
"Z3.7.C.03","12-19 years",5673,4013,70.7,3425,60.4,74.4,63.3,"RED DEER - EAST","CENTRAL"
"Z3.7.C.03","12+ years",47056,36342,77.2,32823,69.8,82,73.2,"RED DEER - EAST","CENTRAL"
"Z3.7.C.03","20-39 years",15749,10475,66.5,8882,56.4,73.3,62.1,"RED DEER - EAST","CENTRAL"
"Z3.7.C.03","40-59 years",14738,11573,78.5,10559,71.6,82.1,74.8,"RED DEER - EAST","CENTRAL"
"Z3.7.C.03","60-74 years",7823,7219,92.3,7022,89.8,91.5,87.9,"RED DEER - EAST","CENTRAL"
"Z3.7.C.03","75+ years",3074,2842,92.5,2796,91,92.1,90.4,"RED DEER - EAST","CENTRAL"
"Z3.7.C.03","ALL years",55069,36342,66,32823,59.6,69.8,62.3,"RED DEER - EAST","CENTRAL"
"Z4.1.A.01","12-19 years",3178,2464,77.5,2004,63.1,74.4,63.3,"EDMONTON - WOODCROFT EAST","EDMONTON"
"Z4.1.A.01","12+ years",54248,43013,79.3,38054,70.1,82,73.2,"EDMONTON - WOODCROFT EAST","EDMONTON"
"Z4.1.A.01","20-39 years",22925,16859,73.5,14182,61.9,73.3,62.1,"EDMONTON - WOODCROFT EAST","EDMONTON"
"Z4.1.A.01","40-59 years",15911,12594,79.2,11288,70.9,82.1,74.8,"EDMONTON - WOODCROFT EAST","EDMONTON"
"Z4.1.A.01","60-74 years",8480,7597,89.6,7211,85,91.5,87.9,"EDMONTON - WOODCROFT EAST","EDMONTON"
"Z4.1.A.01","75+ years",3755,3391,90.3,3296,87.8,92.1,90.4,"EDMONTON - WOODCROFT EAST","EDMONTON"
"Z4.1.A.01","ALL years",60664,43013,70.9,38054,62.7,69.8,62.3,"EDMONTON - WOODCROFT EAST","EDMONTON"
"Z4.1.B.02","12-19 years",2553,2157,84.5,1874,73.4,74.4,63.3,"EDMONTON - WOODCROFT WEST","EDMONTON"
"Z4.1.B.02","12+ years",28194,24019,85.2,21674,76.9,82,73.2,"EDMONTON - WOODCROFT WEST","EDMONTON"
"Z4.1.B.02","20-39 years",9952,7790,78.3,6680,67.1,73.3,62.1,"EDMONTON - WOODCROFT WEST","EDMONTON"
"Z4.1.B.02","40-59 years",8844,7633,86.3,6893,77.9,82.1,74.8,"EDMONTON - WOODCROFT WEST","EDMONTON"
"Z4.1.B.02","60-74 years",4995,4582,91.7,4440,88.9,91.5,87.9,"EDMONTON - WOODCROFT WEST","EDMONTON"
"Z4.1.B.02","75+ years",1850,1742,94.2,1708,92.3,92.1,90.4,"EDMONTON - WOODCROFT WEST","EDMONTON"
"Z4.1.B.02","ALL years",33002,24019,72.8,21674,65.7,69.8,62.3,"EDMONTON - WOODCROFT WEST","EDMONTON"
"Z4.1.C.03","12-19 years",3945,2986,75.7,2496,63.3,74.4,63.3,"EDMONTON - JASPER PLACE","EDMONTON"
"Z4.1.C.03","12+ years",40982,32740,79.9,29195,71.2,82,73.2,"EDMONTON - JASPER PLACE","EDMONTON"
"Z4.1.C.03","20-39 years",13963,10132,72.6,8377,60,73.3,62.1,"EDMONTON - JASPER PLACE","EDMONTON"
"Z4.1.C.03","40-59 years",12394,10094,81.4,9121,73.6,82.1,74.8,"EDMONTON - JASPER PLACE","EDMONTON"
"Z4.1.C.03","60-74 years",6818,6038,88.6,5799,85.1,91.5,87.9,"EDMONTON - JASPER PLACE","EDMONTON"
"Z4.1.C.03","75+ years",3861,3351,86.8,3311,85.8,92.1,90.4,"EDMONTON - JASPER PLACE","EDMONTON"
"Z4.1.C.03","ALL years",46923,32740,69.8,29195,62.2,69.8,62.3,"EDMONTON - JASPER PLACE","EDMONTON"
"Z4.1.D.04","12-19 years",9806,8617,87.9,7865,80.2,74.4,63.3,"EDMONTON - WEST JASPER PLACE","EDMONTON"
"Z4.1.D.04","12+ years",87045,79258,91.1,74207,85.3,82,73.2,"EDMONTON - WEST JASPER PLACE","EDMONTON"
"Z4.1.D.04","20-39 years",29827,25381,85.1,22872,76.7,73.3,62.1,"EDMONTON - WEST JASPER PLACE","EDMONTON"
"Z4.1.D.04","40-59 years",27759,25442,91.7,24077,86.7,82.1,74.8,"EDMONTON - WEST JASPER PLACE","EDMONTON"
"Z4.1.D.04","60-74 years",14584,14388,98.7,14193,97.3,91.5,87.9,"EDMONTON - WEST JASPER PLACE","EDMONTON"
"Z4.1.D.04","75+ years",5069,4879,96.3,4791,94.5,92.1,90.4,"EDMONTON - WEST JASPER PLACE","EDMONTON"
"Z4.1.D.04","ALL years",103462,79258,76.6,74207,71.7,69.8,62.3,"EDMONTON - WEST JASPER PLACE","EDMONTON"
"Z4.2.A.01","12-19 years",7314,5777,79,4860,66.5,74.4,63.3,"EDMONTON - CASTLE DOWNS","EDMONTON"
"Z4.2.A.01","12+ years",59303,50335,84.9,45332,76.4,82,73.2,"EDMONTON - CASTLE DOWNS","EDMONTON"
"Z4.2.A.01","20-39 years",20895,16128,77.2,13642,65.3,73.3,62.1,"EDMONTON - CASTLE DOWNS","EDMONTON"
"Z4.2.A.01","40-59 years",18206,15732,86.4,14533,79.8,82.1,74.8,"EDMONTON - CASTLE DOWNS","EDMONTON"
"Z4.2.A.01","60-74 years",9347,8997,96.3,8722,93.3,91.5,87.9,"EDMONTON - CASTLE DOWNS","EDMONTON"
"Z4.2.A.01","75+ years",3541,3409,96.3,3391,95.8,92.1,90.4,"EDMONTON - CASTLE DOWNS","EDMONTON"
"Z4.2.A.01","ALL years",71594,50335,70.3,45332,63.3,69.8,62.3,"EDMONTON - CASTLE DOWNS","EDMONTON"
"Z4.2.B.02","12-19 years",7948,5970,75.1,4861,61.2,74.4,63.3,"EDMONTON - NORTHGATE","EDMONTON"
"Z4.2.B.02","12+ years",70694,57872,81.9,51369,72.7,82,73.2,"EDMONTON - NORTHGATE","EDMONTON"
"Z4.2.B.02","20-39 years",24024,17701,73.7,14562,60.6,73.3,62.1,"EDMONTON - NORTHGATE","EDMONTON"
"Z4.2.B.02","40-59 years",21031,17644,83.9,15838,75.3,82.1,74.8,"EDMONTON - NORTHGATE","EDMONTON"
"Z4.2.B.02","60-74 years",11430,10725,93.8,10473,91.6,91.5,87.9,"EDMONTON - NORTHGATE","EDMONTON"
"Z4.2.B.02","75+ years",6261,5568,88.9,5477,87.5,92.1,90.4,"EDMONTON - NORTHGATE","EDMONTON"
"Z4.2.B.02","ALL years",82969,57872,69.8,51369,61.9,69.8,62.3,"EDMONTON - NORTHGATE","EDMONTON"
"Z4.2.C.03","12-19 years",4330,3038,70.2,2337,54,74.4,63.3,"EDMONTON - EASTWOOD","EDMONTON"
"Z4.2.C.03","12+ years",64931,49057,75.6,42078,64.8,82,73.2,"EDMONTON - EASTWOOD","EDMONTON"
"Z4.2.C.03","20-39 years",26629,18263,68.6,14936,56.1,73.3,62.1,"EDMONTON - EASTWOOD","EDMONTON"
"Z4.2.C.03","40-59 years",20057,15313,76.3,13140,65.5,82.1,74.8,"EDMONTON - EASTWOOD","EDMONTON"
"Z4.2.C.03","60-74 years",10377,9251,89.1,8607,82.9,91.5,87.9,"EDMONTON - EASTWOOD","EDMONTON"
"Z4.2.C.03","75+ years",3537,3077,87,2976,84.1,92.1,90.4,"EDMONTON - EASTWOOD","EDMONTON"
"Z4.2.C.03","ALL years",72156,49057,68,42078,58.3,69.8,62.3,"EDMONTON - EASTWOOD","EDMONTON"
"Z4.2.D.04","12-19 years",1431,898,62.8,685,47.9,74.4,63.3,"EDMONTON - ABBOTTSFIELD","EDMONTON"
"Z4.2.D.04","12+ years",12251,9056,73.9,7755,63.3,82,73.2,"EDMONTON - ABBOTTSFIELD","EDMONTON"
"Z4.2.D.04","20-39 years",4173,2623,62.9,2028,48.6,73.3,62.1,"EDMONTON - ABBOTTSFIELD","EDMONTON"
"Z4.2.D.04","40-59 years",3726,2866,76.9,2501,67.1,82.1,74.8,"EDMONTON - ABBOTTSFIELD","EDMONTON"
"Z4.2.D.04","60-74 years",2020,1833,90.7,1722,85.2,91.5,87.9,"EDMONTON - ABBOTTSFIELD","EDMONTON"
"Z4.2.D.04","75+ years",901,805,89.4,805,89.4,92.1,90.4,"EDMONTON - ABBOTTSFIELD","EDMONTON"
"Z4.2.D.04","ALL years",14582,9056,62.1,7755,53.2,69.8,62.3,"EDMONTON - ABBOTTSFIELD","EDMONTON"
"Z4.2.E.05","12-19 years",8471,6454,76.2,5309,62.7,74.4,63.3,"EDMONTON - NE","EDMONTON"
"Z4.2.E.05","12+ years",75198,62090,82.6,54929,73,82,73.2,"EDMONTON - NE","EDMONTON"
"Z4.2.E.05","20-39 years",29269,21772,74.4,18019,61.6,73.3,62.1,"EDMONTON - NE","EDMONTON"
"Z4.2.E.05","40-59 years",22457,19384,86.3,17637,78.5,82.1,74.8,"EDMONTON - NE","EDMONTON"
"Z4.2.E.05","60-74 years",11342,10781,95.1,10414,91.8,91.5,87.9,"EDMONTON - NE","EDMONTON"
"Z4.2.E.05","75+ years",3659,3371,92.1,3331,91,92.1,90.4,"EDMONTON - NE","EDMONTON"
"Z4.2.E.05","ALL years",90743,62090,68.4,54929,60.5,69.8,62.3,"EDMONTON - NE","EDMONTON"
"Z4.3.A.01","12-19 years",6348,5330,84,4417,69.6,74.4,63.3,"EDMONTON - BONNIE DOON","EDMONTON"
"Z4.3.A.01","12+ years",87025,74199,85.3,67550,77.6,82,73.2,"EDMONTON - BONNIE DOON","EDMONTON"
"Z4.3.A.01","20-39 years",36202,29256,80.8,25715,71,73.3,62.1,"EDMONTON - BONNIE DOON","EDMONTON"
"Z4.3.A.01","40-59 years",23445,19906,84.9,18312,78.1,82.1,74.8,"EDMONTON - BONNIE DOON","EDMONTON"
"Z4.3.A.01","60-74 years",14119,13243,93.8,12853,91,91.5,87.9,"EDMONTON - BONNIE DOON","EDMONTON"
"Z4.3.A.01","75+ years",6911,6193,89.6,6061,87.7,92.1,90.4,"EDMONTON - BONNIE DOON","EDMONTON"
"Z4.3.A.01","ALL years",96621,74199,76.8,67550,69.9,69.8,62.3,"EDMONTON - BONNIE DOON","EDMONTON"
"Z4.3.B.02","12-19 years",5165,4217,81.6,3495,67.7,74.4,63.3,"EDMONTON - MILL WOODS WEST","EDMONTON"
"Z4.3.B.02","12+ years",43747,37586,85.9,33270,76.1,82,73.2,"EDMONTON - MILL WOODS WEST","EDMONTON"
"Z4.3.B.02","20-39 years",15793,12314,78,10140,64.2,73.3,62.1,"EDMONTON - MILL WOODS WEST","EDMONTON"
"Z4.3.B.02","40-59 years",12349,11072,89.7,10002,81,82.1,74.8,"EDMONTON - MILL WOODS WEST","EDMONTON"
"Z4.3.B.02","60-74 years",7469,7120,95.3,6871,92,91.5,87.9,"EDMONTON - MILL WOODS WEST","EDMONTON"
"Z4.3.B.02","75+ years",2972,2671,89.9,2627,88.4,92.1,90.4,"EDMONTON - MILL WOODS WEST","EDMONTON"
"Z4.3.B.02","ALL years",51150,37586,73.5,33270,65,69.8,62.3,"EDMONTON - MILL WOODS WEST","EDMONTON"
"Z4.3.C.03","12-19 years",8363,7162,85.6,6327,75.7,74.4,63.3,"EDMONTON - MILL WOODS SOUTH & EAST","EDMONTON"
"Z4.3.C.03","12+ years",71434,64444,90.2,58303,81.6,82,73.2,"EDMONTON - MILL WOODS SOUTH & EAST","EDMONTON"
"Z4.3.C.03","20-39 years",29544,25434,86.1,21833,73.9,73.3,62.1,"EDMONTON - MILL WOODS SOUTH & EAST","EDMONTON"
"Z4.3.C.03","40-59 years",20734,18988,91.6,17765,85.7,82.1,74.8,"EDMONTON - MILL WOODS SOUTH & EAST","EDMONTON"
"Z4.3.C.03","60-74 years",10229,10031,98.1,9733,95.2,91.5,87.9,"EDMONTON - MILL WOODS SOUTH & EAST","EDMONTON"
"Z4.3.C.03","75+ years",2565,2399,93.5,2358,91.9,92.1,90.4,"EDMONTON - MILL WOODS SOUTH & EAST","EDMONTON"
"Z4.3.C.03","ALL years",85232,64444,75.6,58303,68.4,69.8,62.3,"EDMONTON - MILL WOODS SOUTH & EAST","EDMONTON"
"Z4.4.A.01","12-19 years",3561,2944,82.7,2544,71.4,74.4,63.3,"EDMONTON - DUGGAN","EDMONTON"
"Z4.4.A.01","12+ years",34840,30290,86.9,27727,79.6,82,73.2,"EDMONTON - DUGGAN","EDMONTON"
"Z4.4.A.01","20-39 years",13311,10931,82.1,9593,72.1,73.3,62.1,"EDMONTON - DUGGAN","EDMONTON"
"Z4.4.A.01","40-59 years",9755,8676,88.9,8015,82.2,82.1,74.8,"EDMONTON - DUGGAN","EDMONTON"
"Z4.4.A.01","60-74 years",4947,4694,94.9,4595,92.9,91.5,87.9,"EDMONTON - DUGGAN","EDMONTON"
"Z4.4.A.01","75+ years",3266,2888,88.4,2872,87.9,92.1,90.4,"EDMONTON - DUGGAN","EDMONTON"
"Z4.4.A.01","ALL years",40132,30290,75.5,27727,69.1,69.8,62.3,"EDMONTON - DUGGAN","EDMONTON"
"Z4.4.B.02","12-19 years",7596,6881,90.6,6419,84.5,74.4,63.3,"EDMONTON - TWIN BROOKS","EDMONTON"
"Z4.4.B.02","12+ years",65990,58983,89.4,56224,85.2,82,73.2,"EDMONTON - TWIN BROOKS","EDMONTON"
"Z4.4.B.02","20-39 years",19736,16160,81.9,14849,75.2,73.3,62.1,"EDMONTON - TWIN BROOKS","EDMONTON"
"Z4.4.B.02","40-59 years",20614,18319,88.9,17592,85.3,82.1,74.8,"EDMONTON - TWIN BROOKS","EDMONTON"
"Z4.4.B.02","60-74 years",12499,11835,94.7,11731,93.9,91.5,87.9,"EDMONTON - TWIN BROOKS","EDMONTON"
"Z4.4.B.02","75+ years",5544,5343,96.4,5300,95.6,92.1,90.4,"EDMONTON - TWIN BROOKS","EDMONTON"
"Z4.4.B.02","ALL years",75969,58983,77.6,56224,74,69.8,62.3,"EDMONTON - TWIN BROOKS","EDMONTON"
"Z4.4.C.03","12-19 years",9442,8713,92.3,8169,86.5,74.4,63.3,"EDMONTON - RUTHERFORD","EDMONTON"
"Z4.4.C.03","12+ years",88567,82320,92.9,77253,87.2,82,73.2,"EDMONTON - RUTHERFORD","EDMONTON"
"Z4.4.C.03","20-39 years",40495,35966,88.8,32489,80.2,73.3,62.1,"EDMONTON - RUTHERFORD","EDMONTON"
"Z4.4.C.03","40-59 years",27191,25367,93.3,24757,91,82.1,74.8,"EDMONTON - RUTHERFORD","EDMONTON"
"Z4.4.C.03","60-74 years",9024,9160,100,8917,98.8,91.5,87.9,"EDMONTON - RUTHERFORD","EDMONTON"
"Z4.4.C.03","75+ years",2415,2477,100,2456,101.7,92.1,90.4,"EDMONTON - RUTHERFORD","EDMONTON"
"Z4.4.C.03","ALL years",112265,82320,73.3,77253,68.8,69.8,62.3,"EDMONTON - RUTHERFORD","EDMONTON"
"Z4.5.A.01","12-19 years",3271,2382,72.8,1894,57.9,74.4,63.3,"STURGEON COUNTY WEST","EDMONTON"
"Z4.5.A.01","12+ years",25052,19845,79.2,17410,69.5,82,73.2,"STURGEON COUNTY WEST","EDMONTON"
"Z4.5.A.01","20-39 years",7943,5466,68.8,4402,55.4,73.3,62.1,"STURGEON COUNTY WEST","EDMONTON"
"Z4.5.A.01","40-59 years",7830,6370,81.4,5758,73.5,82.1,74.8,"STURGEON COUNTY WEST","EDMONTON"
"Z4.5.A.01","60-74 years",4687,4227,90.2,4049,86.4,91.5,87.9,"STURGEON COUNTY WEST","EDMONTON"
"Z4.5.A.01","75+ years",1321,1265,95.7,1216,92,92.1,90.4,"STURGEON COUNTY WEST","EDMONTON"
"Z4.5.A.01","ALL years",30154,19845,65.8,17410,57.7,69.8,62.3,"STURGEON COUNTY WEST","EDMONTON"
"Z4.5.B.02","12-19 years",690,428,62.1,381,55.2,74.4,63.3,"STURGEON COUNTY EAST","EDMONTON"
"Z4.5.B.02","12+ years",5204,3917,75.3,3526,67.8,82,73.2,"STURGEON COUNTY EAST","EDMONTON"
"Z4.5.B.02","20-39 years",1560,1036,66.4,858,55,73.3,62.1,"STURGEON COUNTY EAST","EDMONTON"
"Z4.5.B.02","40-59 years",1754,1330,75.8,1204,68.6,82.1,74.8,"STURGEON COUNTY EAST","EDMONTON"
"Z4.5.B.02","60-74 years",939,845,90,816,86.9,91.5,87.9,"STURGEON COUNTY EAST","EDMONTON"
"Z4.5.B.02","75+ years",261,249,95.4,245,93.8,92.1,90.4,"STURGEON COUNTY EAST","EDMONTON"
"Z4.5.B.02","ALL years",6095,3917,64.3,3526,57.8,69.8,62.3,"STURGEON COUNTY EAST","EDMONTON"
"Z4.5.B.03","12-19 years",2447,1996,81.6,1665,68.1,74.4,63.3,"FORT SASKATCHEWAN","EDMONTON"
"Z4.5.B.03","12+ years",22307,18378,82.4,16378,73.4,82,73.2,"FORT SASKATCHEWAN","EDMONTON"
"Z4.5.B.03","20-39 years",8330,6104,73.3,5116,61.4,73.3,62.1,"FORT SASKATCHEWAN","EDMONTON"
"Z4.5.B.03","40-59 years",6648,5511,82.9,5005,75.3,82.1,74.8,"FORT SASKATCHEWAN","EDMONTON"
"Z4.5.B.03","60-74 years",3546,3327,93.8,3205,90.4,91.5,87.9,"FORT SASKATCHEWAN","EDMONTON"
"Z4.5.B.03","75+ years",1337,1330,99.5,1309,97.9,92.1,90.4,"FORT SASKATCHEWAN","EDMONTON"
"Z4.5.B.03","ALL years",26795,18378,68.6,16378,61.1,69.8,62.3,"FORT SASKATCHEWAN","EDMONTON"
"Z4.6.A.01","12-19 years",8616,7606,88.3,6705,77.8,74.4,63.3,"SHERWOOD PARK","EDMONTON"
"Z4.6.A.01","12+ years",71147,63462,89.2,59061,83,82,73.2,"SHERWOOD PARK","EDMONTON"
"Z4.6.A.01","20-39 years",20568,16715,81.3,14862,72.3,73.3,62.1,"SHERWOOD PARK","EDMONTON"
"Z4.6.A.01","40-59 years",22831,20131,88.2,18973,83.1,82.1,74.8,"SHERWOOD PARK","EDMONTON"
"Z4.6.A.01","60-74 years",13456,12874,95.7,12549,93.3,91.5,87.9,"SHERWOOD PARK","EDMONTON"
"Z4.6.A.01","75+ years",5676,5687,100,5661,99.7,92.1,90.4,"SHERWOOD PARK","EDMONTON"
"Z4.6.A.01","ALL years",82033,63462,77.4,59061,72,69.8,62.3,"SHERWOOD PARK","EDMONTON"
"Z4.6.B.02","12-19 years",1803,1307,72.5,1093,60.6,74.4,63.3,"STRATHCONA COUNTY EXCLUDING SHERWOOD PARK","EDMONTON"
"Z4.6.B.02","12+ years",15406,12436,80.7,11363,73.8,82,73.2,"STRATHCONA COUNTY EXCLUDING SHERWOOD PARK","EDMONTON"
"Z4.6.B.02","20-39 years",4061,2982,73.4,2527,62.2,73.3,62.1,"STRATHCONA COUNTY EXCLUDING SHERWOOD PARK","EDMONTON"
"Z4.6.B.02","40-59 years",5136,4085,79.5,3737,72.8,82.1,74.8,"STRATHCONA COUNTY EXCLUDING SHERWOOD PARK","EDMONTON"
"Z4.6.B.02","60-74 years",3559,3215,90.3,3189,89.6,91.5,87.9,"STRATHCONA COUNTY EXCLUDING SHERWOOD PARK","EDMONTON"
"Z4.6.B.02","75+ years",847,788,93,775,91.5,92.1,90.4,"STRATHCONA COUNTY EXCLUDING SHERWOOD PARK","EDMONTON"
"Z4.6.B.02","ALL years",17420,12436,71.4,11363,65.2,69.8,62.3,"STRATHCONA COUNTY EXCLUDING SHERWOOD PARK","EDMONTON"
"Z4.7.A.01","12-19 years",2819,2335,82.8,1974,70,74.4,63.3,"BEAUMONT","EDMONTON"
"Z4.7.A.01","12+ years",20924,17820,85.2,15973,76.3,82,73.2,"BEAUMONT","EDMONTON"
"Z4.7.A.01","20-39 years",6943,5390,77.6,4593,66.2,73.3,62.1,"BEAUMONT","EDMONTON"
"Z4.7.A.01","40-59 years",6948,5917,85.2,5399,77.7,82.1,74.8,"BEAUMONT","EDMONTON"
"Z4.7.A.01","60-74 years",3426,3242,94.6,3151,92,91.5,87.9,"BEAUMONT","EDMONTON"
"Z4.7.A.01","75+ years",787,757,96.2,742,94.3,92.1,90.4,"BEAUMONT","EDMONTON"
"Z4.7.A.01","ALL years",25785,17820,69.1,15973,61.9,69.8,62.3,"BEAUMONT","EDMONTON"
"Z4.7.A.02","12-19 years",4135,3156,76.3,2599,62.9,74.4,63.3,"LEDUC & DEVON","EDMONTON"
"Z4.7.A.02","12+ years",35853,28786,80.3,25470,71,82,73.2,"LEDUC & DEVON","EDMONTON"
"Z4.7.A.02","20-39 years",12370,8557,69.2,7000,56.6,73.3,62.1,"LEDUC & DEVON","EDMONTON"
"Z4.7.A.02","40-59 years",10946,8951,81.8,8107,74.1,82.1,74.8,"LEDUC & DEVON","EDMONTON"
"Z4.7.A.02","60-74 years",6012,5624,93.6,5333,88.7,91.5,87.9,"LEDUC & DEVON","EDMONTON"
"Z4.7.A.02","75+ years",2391,2289,95.7,2285,95.6,92.1,90.4,"LEDUC & DEVON","EDMONTON"
"Z4.7.A.02","ALL years",43021,28786,66.9,25470,59.2,69.8,62.3,"LEDUC & DEVON","EDMONTON"
"Z4.7.A.03","12-19 years",817,463,56.7,351,43,74.4,63.3,"THORSBY","EDMONTON"
"Z4.7.A.03","12+ years",7844,5336,68,4622,58.9,82,73.2,"THORSBY","EDMONTON"
"Z4.7.A.03","20-39 years",2161,1219,56.4,919,42.5,73.3,62.1,"THORSBY","EDMONTON"
"Z4.7.A.03","40-59 years",2459,1613,65.6,1414,57.5,82.1,74.8,"THORSBY","EDMONTON"
"Z4.7.A.03","60-74 years",1803,1489,82.6,1417,78.6,91.5,87.9,"THORSBY","EDMONTON"
"Z4.7.A.03","75+ years",602,537,89.1,512,85,92.1,90.4,"THORSBY","EDMONTON"
"Z4.7.A.03","ALL years",9090,5336,58.7,4622,50.8,69.8,62.3,"THORSBY","EDMONTON"
"Z4.8.A.01","12-19 years",5787,4384,75.8,3668,63.4,74.4,63.3,"STONY PLAIN & SPRUCE GROVE","EDMONTON"
"Z4.8.A.01","12+ years",48516,39361,81.1,35072,72.3,82,73.2,"STONY PLAIN & SPRUCE GROVE","EDMONTON"
"Z4.8.A.01","20-39 years",16567,11696,70.6,9704,58.6,73.3,62.1,"STONY PLAIN & SPRUCE GROVE","EDMONTON"
"Z4.8.A.01","40-59 years",14579,12082,82.9,10902,74.8,82.1,74.8,"STONY PLAIN & SPRUCE GROVE","EDMONTON"
"Z4.8.A.01","60-74 years",8230,7659,93.1,7402,89.9,91.5,87.9,"STONY PLAIN & SPRUCE GROVE","EDMONTON"
"Z4.8.A.01","75+ years",3353,3287,98,3245,96.8,92.1,90.4,"STONY PLAIN & SPRUCE GROVE","EDMONTON"
"Z4.8.A.01","ALL years",57833,39361,68.1,35072,60.6,69.8,62.3,"STONY PLAIN & SPRUCE GROVE","EDMONTON"
"Z4.8.B.02","12-19 years",3875,2360,60.9,1939,50,74.4,63.3,"WESTVIEW EXCLUDING STONY PLAIN & SPRUCE GROVE","EDMONTON"
"Z4.8.B.02","12+ years",31700,23086,72.8,20492,64.6,82,73.2,"WESTVIEW EXCLUDING STONY PLAIN & SPRUCE GROVE","EDMONTON"
"Z4.8.B.02","20-39 years",8268,4977,60.2,4014,48.5,73.3,62.1,"WESTVIEW EXCLUDING STONY PLAIN & SPRUCE GROVE","EDMONTON"
"Z4.8.B.02","40-59 years",10332,7565,73.2,6729,65.1,82.1,74.8,"WESTVIEW EXCLUDING STONY PLAIN & SPRUCE GROVE","EDMONTON"
"Z4.8.B.02","60-74 years",7126,6172,86.6,5873,82.4,91.5,87.9,"WESTVIEW EXCLUDING STONY PLAIN & SPRUCE GROVE","EDMONTON"
"Z4.8.B.02","75+ years",2098,1896,90.4,1854,88.4,92.1,90.4,"WESTVIEW EXCLUDING STONY PLAIN & SPRUCE GROVE","EDMONTON"
"Z4.8.B.02","ALL years",36730,23086,62.9,20492,55.8,69.8,62.3,"WESTVIEW EXCLUDING STONY PLAIN & SPRUCE GROVE","EDMONTON"
"Z4.9.A.01","12-19 years",7048,6049,85.8,5432,77.1,74.4,63.3,"ST. ALBERT","EDMONTON"
"Z4.9.A.01","12+ years",60363,53842,89.2,50439,83.6,82,73.2,"ST. ALBERT","EDMONTON"
"Z4.9.A.01","20-39 years",17049,13752,80.7,12236,71.8,73.3,62.1,"ST. ALBERT","EDMONTON"
"Z4.9.A.01","40-59 years",18759,16624,88.6,15695,83.7,82.1,74.8,"ST. ALBERT","EDMONTON"
"Z4.9.A.01","60-74 years",12195,11788,96.7,11590,95,91.5,87.9,"ST. ALBERT","EDMONTON"
"Z4.9.A.01","75+ years",5312,5212,98.1,5189,97.7,92.1,90.4,"ST. ALBERT","EDMONTON"
"Z4.9.A.01","ALL years",69588,53842,77.4,50439,72.5,69.8,62.3,"ST. ALBERT","EDMONTON"
"Z5.1.A.01","12-19 years",328,319,97.2,292,89,74.4,63.3,"JASPER","NORTH"
"Z5.1.A.01","12+ years",5070,4267,84.2,3950,77.9,82,73.2,"JASPER","NORTH"
"Z5.1.A.01","20-39 years",2390,1841,77,1627,68.1,73.3,62.1,"JASPER","NORTH"
"Z5.1.A.01","40-59 years",1486,1283,86.3,1214,81.7,82.1,74.8,"JASPER","NORTH"
"Z5.1.A.01","60-74 years",677,636,94,635,93.8,91.5,87.9,"JASPER","NORTH"
"Z5.1.A.01","75+ years",189,173,91.4,171,90.3,92.1,90.4,"JASPER","NORTH"
"Z5.1.A.01","ALL years",5592,4267,76.3,3950,70.6,69.8,62.3,"JASPER","NORTH"
"Z5.1.A.02","12-19 years",1157,726,62.8,611,52.8,74.4,63.3,"HINTON","NORTH"
"Z5.1.A.02","12+ years",10498,7800,74.3,6863,65.4,82,73.2,"HINTON","NORTH"
"Z5.1.A.02","20-39 years",3602,2382,66.1,1954,54.2,73.3,62.1,"HINTON","NORTH"
"Z5.1.A.02","40-59 years",3314,2498,75.4,2194,66.2,82.1,74.8,"HINTON","NORTH"
"Z5.1.A.02","60-74 years",1866,1647,88.3,1578,84.6,91.5,87.9,"HINTON","NORTH"
"Z5.1.A.02","75+ years",559,512,91.6,504,90.1,92.1,90.4,"HINTON","NORTH"
"Z5.1.A.02","ALL years",12260,7800,63.6,6863,56,69.8,62.3,"HINTON","NORTH"
"Z5.1.A.03","12-19 years",1620,928,57.3,700,43.2,74.4,63.3,"EDSON","NORTH"
"Z5.1.A.03","12+ years",13733,9412,68.5,8083,58.9,82,73.2,"EDSON","NORTH"
"Z5.1.A.03","20-39 years",4474,2561,57.2,2017,45.1,73.3,62.1,"EDSON","NORTH"
"Z5.1.A.03","40-59 years",4368,3037,69.5,2618,59.9,82.1,74.8,"EDSON","NORTH"
"Z5.1.A.03","60-74 years",2471,2142,86.7,2044,82.7,91.5,87.9,"EDSON","NORTH"
"Z5.1.A.03","75+ years",800,702,87.7,682,85.2,92.1,90.4,"EDSON","NORTH"
"Z5.1.A.03","ALL years",16050,9412,58.6,8083,50.4,69.8,62.3,"EDSON","NORTH"
"Z5.1.B.04","12-19 years",1604,841,52.4,667,41.6,74.4,63.3,"WHITECOURT","NORTH"
"Z5.1.B.04","12+ years",12369,8081,65.3,6920,55.9,82,73.2,"WHITECOURT","NORTH"
"Z5.1.B.04","20-39 years",4276,2314,54.1,1802,42.1,73.3,62.1,"WHITECOURT","NORTH"
"Z5.1.B.04","40-59 years",4208,2914,69.3,2548,60.6,82.1,74.8,"WHITECOURT","NORTH"
"Z5.1.B.04","60-74 years",1839,1554,84.5,1463,79.6,91.5,87.9,"WHITECOURT","NORTH"
"Z5.1.B.04","75+ years",442,411,92.9,402,90.9,92.1,90.4,"WHITECOURT","NORTH"
"Z5.1.B.04","ALL years",14719,8081,54.9,6920,47,69.8,62.3,"WHITECOURT","NORTH"
"Z5.1.B.05","12-19 years",1467,713,48.6,548,37.3,74.4,63.3,"MAYERTHORPE","NORTH"
"Z5.1.B.05","12+ years",14174,9407,66.4,8298,58.5,82,73.2,"MAYERTHORPE","NORTH"
"Z5.1.B.05","20-39 years",3580,1902,53.1,1469,41,73.3,62.1,"MAYERTHORPE","NORTH"
"Z5.1.B.05","40-59 years",4505,2842,63.1,2495,55.4,82.1,74.8,"MAYERTHORPE","NORTH"
"Z5.1.B.05","60-74 years",3401,2891,85,2787,82,91.5,87.9,"MAYERTHORPE","NORTH"
"Z5.1.B.05","75+ years",1221,1022,83.7,980,80.2,92.1,90.4,"MAYERTHORPE","NORTH"
"Z5.1.B.05","ALL years",16200,9407,58.1,8298,51.2,69.8,62.3,"MAYERTHORPE","NORTH"
"Z5.1.C.06","12-19 years",1097,517,47.1,402,36.7,74.4,63.3,"BARRHEAD","NORTH"
"Z5.1.C.06","12+ years",9290,6154,66.2,5471,58.9,82,73.2,"BARRHEAD","NORTH"
"Z5.1.C.06","20-39 years",2581,1234,47.8,985,38.2,73.3,62.1,"BARRHEAD","NORTH"
"Z5.1.C.06","40-59 years",2482,1697,68.4,1486,59.9,82.1,74.8,"BARRHEAD","NORTH"
"Z5.1.C.06","60-74 years",2059,1727,83.9,1653,80.3,91.5,87.9,"BARRHEAD","NORTH"
"Z5.1.C.06","75+ years",1071,959,89.6,933,87.1,92.1,90.4,"BARRHEAD","NORTH"
"Z5.1.C.06","ALL years",10948,6154,56.2,5471,50,69.8,62.3,"BARRHEAD","NORTH"
"Z5.1.C.07","12-19 years",1894,1079,57,846,44.7,74.4,63.3,"WESTLOCK","NORTH"
"Z5.1.C.07","12+ years",16861,12387,73.5,10798,64,82,73.2,"WESTLOCK","NORTH"
"Z5.1.C.07","20-39 years",4406,2733,62,2121,48.1,73.3,62.1,"WESTLOCK","NORTH"
"Z5.1.C.07","40-59 years",4790,3461,72.3,2948,61.5,82.1,74.8,"WESTLOCK","NORTH"
"Z5.1.C.07","60-74 years",3929,3369,85.7,3185,81.1,91.5,87.9,"WESTLOCK","NORTH"
"Z5.1.C.07","75+ years",1842,1691,91.8,1657,89.9,92.1,90.4,"WESTLOCK","NORTH"
"Z5.1.C.07","ALL years",19168,12387,64.6,10798,56.3,69.8,62.3,"WESTLOCK","NORTH"
"Z5.2.A.01","12-19 years",619,309,49.9,224,36.2,74.4,63.3,"FROG LAKE","NORTH"
"Z5.2.A.01","12+ years",4007,2609,65.1,2199,54.9,82,73.2,"FROG LAKE","NORTH"
"Z5.2.A.01","20-39 years",1268,693,54.7,523,41.3,73.3,62.1,"FROG LAKE","NORTH"
"Z5.2.A.01","40-59 years",1203,792,65.8,666,55.4,82.1,74.8,"FROG LAKE","NORTH"
"Z5.2.A.01","60-74 years",623,538,86.4,519,83.4,91.5,87.9,"FROG LAKE","NORTH"
"Z5.2.A.01","75+ years",294,262,89,253,85.9,92.1,90.4,"FROG LAKE","NORTH"
"Z5.2.A.01","ALL years",4827,2609,54.1,2199,45.6,69.8,62.3,"FROG LAKE","NORTH"
"Z5.2.A.04","12-19 years",1806,712,39.4,541,30,74.4,63.3,"ST. PAUL","NORTH"
"Z5.2.A.04","12+ years",12782,7312,57.2,6356,49.7,82,73.2,"ST. PAUL","NORTH"
"Z5.2.A.04","20-39 years",4135,1851,44.8,1452,35.1,73.3,62.1,"ST. PAUL","NORTH"
"Z5.2.A.04","40-59 years",3520,2097,59.6,1816,51.6,82.1,74.8,"ST. PAUL","NORTH"
"Z5.2.A.04","60-74 years",2313,1755,75.9,1671,72.3,91.5,87.9,"ST. PAUL","NORTH"
"Z5.2.A.04","75+ years",1009,871,86.3,858,85,92.1,90.4,"ST. PAUL","NORTH"
"Z5.2.A.04","ALL years",15522,7312,47.1,6356,40.9,69.8,62.3,"ST. PAUL","NORTH"
"Z5.2.A.05","12-19 years",378,167,44.2,134,35.5,74.4,63.3,"SMOKY LAKE","NORTH"
"Z5.2.A.05","12+ years",4226,2843,67.3,2520,59.6,82,73.2,"SMOKY LAKE","NORTH"
"Z5.2.A.05","20-39 years",955,514,53.8,388,40.6,73.3,62.1,"SMOKY LAKE","NORTH"
"Z5.2.A.05","40-59 years",1226,793,64.7,682,55.6,82.1,74.8,"SMOKY LAKE","NORTH"
"Z5.2.A.05","60-74 years",1094,869,79.4,821,75.1,91.5,87.9,"SMOKY LAKE","NORTH"
"Z5.2.A.05","75+ years",573,492,85.9,492,85.9,92.1,90.4,"SMOKY LAKE","NORTH"
"Z5.2.A.05","ALL years",4728,2843,60.1,2520,53.3,69.8,62.3,"SMOKY LAKE","NORTH"
"Z5.2.B.02","12-19 years",2353,1426,60.6,1189,50.5,74.4,63.3,"COLD LAKE","NORTH"
"Z5.2.B.02","12+ years",16681,11672,70,10155,60.9,82,73.2,"COLD LAKE","NORTH"
"Z5.2.B.02","20-39 years",6360,3842,60.4,3079,48.4,73.3,62.1,"COLD LAKE","NORTH"
"Z5.2.B.02","40-59 years",5130,3734,72.8,3347,65.2,82.1,74.8,"COLD LAKE","NORTH"
"Z5.2.B.02","60-74 years",2165,1962,90.6,1871,86.4,91.5,87.9,"COLD LAKE","NORTH"
"Z5.2.B.02","75+ years",672,632,94,627,93.3,92.1,90.4,"COLD LAKE","NORTH"
"Z5.2.B.02","ALL years",20716,11672,56.3,10155,49,69.8,62.3,"COLD LAKE","NORTH"
"Z5.2.B.03","12-19 years",1841,1003,54.5,746,40.5,74.4,63.3,"BONNYVILLE","NORTH"
"Z5.2.B.03","12+ years",13911,8998,64.7,7525,54.1,82,73.2,"BONNYVILLE","NORTH"
"Z5.2.B.03","20-39 years",4564,2409,52.8,1786,39.1,73.3,62.1,"BONNYVILLE","NORTH"
"Z5.2.B.03","40-59 years",4378,2981,68.1,2536,57.9,82.1,74.8,"BONNYVILLE","NORTH"
"Z5.2.B.03","60-74 years",2280,1854,81.3,1727,75.7,91.5,87.9,"BONNYVILLE","NORTH"
"Z5.2.B.03","75+ years",847,714,84.3,701,82.7,92.1,90.4,"BONNYVILLE","NORTH"
"Z5.2.B.03","ALL years",16602,8998,54.2,7525,45.3,69.8,62.3,"BONNYVILLE","NORTH"
"Z5.2.C.06","12-19 years",293,137,46.7,93,31.7,74.4,63.3,"BOYLE","NORTH"
"Z5.2.C.06","12+ years",3084,1912,62,1631,52.9,82,73.2,"BOYLE","NORTH"
"Z5.2.C.06","20-39 years",835,368,44.1,288,34.5,73.3,62.1,"BOYLE","NORTH"
"Z5.2.C.06","40-59 years",930,573,61.6,471,50.7,82.1,74.8,"BOYLE","NORTH"
"Z5.2.C.06","60-74 years",747,596,79.8,553,74,91.5,87.9,"BOYLE","NORTH"
"Z5.2.C.06","75+ years",278,233,83.7,224,80.5,92.1,90.4,"BOYLE","NORTH"
"Z5.2.C.06","ALL years",3544,1912,53.9,1631,46,69.8,62.3,"BOYLE","NORTH"
"Z5.2.C.07","12-19 years",1021,647,63.4,520,50.9,74.4,63.3,"ATHABASCA","NORTH"
"Z5.2.C.07","12+ years",9384,6824,72.7,6103,65,82,73.2,"ATHABASCA","NORTH"
"Z5.2.C.07","20-39 years",2430,1419,58.4,1139,46.9,73.3,62.1,"ATHABASCA","NORTH"
"Z5.2.C.07","40-59 years",2956,2076,70.2,1838,62.2,82.1,74.8,"ATHABASCA","NORTH"
"Z5.2.C.07","60-74 years",2119,1856,87.6,1796,84.8,91.5,87.9,"ATHABASCA","NORTH"
"Z5.2.C.07","75+ years",859,785,91.4,780,90.8,92.1,90.4,"ATHABASCA","NORTH"
"Z5.2.C.07","ALL years",10686,6824,63.9,6103,57.1,69.8,62.3,"ATHABASCA","NORTH"
"Z5.2.C.08","12-19 years",1157,567,49,443,38.3,74.4,63.3,"LAC LA BICHE","NORTH"
"Z5.2.C.08","12+ years",8738,5574,63.8,4779,54.7,82,73.2,"LAC LA BICHE","NORTH"
"Z5.2.C.08","20-39 years",2869,1432,49.9,1104,38.5,73.3,62.1,"LAC LA BICHE","NORTH"
"Z5.2.C.08","40-59 years",2665,1804,67.7,1571,58.9,82.1,74.8,"LAC LA BICHE","NORTH"
"Z5.2.C.08","60-74 years",1499,1250,83.4,1174,78.3,91.5,87.9,"LAC LA BICHE","NORTH"
"Z5.2.C.08","75+ years",547,495,90.4,474,86.6,92.1,90.4,"LAC LA BICHE","NORTH"
"Z5.2.C.08","ALL years",10392,5574,53.6,4779,46,69.8,62.3,"LAC LA BICHE","NORTH"
"Z5.3.A.01","12-19 years",441,200,45.4,163,37,74.4,63.3,"GRANDE CACHE","NORTH"
"Z5.3.A.01","12+ years",3594,2336,65,1958,54.5,82,73.2,"GRANDE CACHE","NORTH"
"Z5.3.A.01","20-39 years",1231,735,59.7,549,44.6,73.3,62.1,"GRANDE CACHE","NORTH"
"Z5.3.A.01","40-59 years",1204,777,64.5,660,54.8,82.1,74.8,"GRANDE CACHE","NORTH"
"Z5.3.A.01","60-74 years",537,464,86.4,432,80.5,91.5,87.9,"GRANDE CACHE","NORTH"
"Z5.3.A.01","75+ years",180,154,85.3,151,83.7,92.1,90.4,"GRANDE CACHE","NORTH"
"Z5.3.A.01","ALL years",4168,2336,56,1958,47,69.8,62.3,"GRANDE CACHE","NORTH"
"Z5.3.A.02","12-19 years",225,136,60.6,113,50.3,74.4,63.3,"FOX CREEK","NORTH"
"Z5.3.A.02","12+ years",1921,1244,64.8,1062,55.3,82,73.2,"FOX CREEK","NORTH"
"Z5.3.A.02","20-39 years",632,354,56,276,43.7,73.3,62.1,"FOX CREEK","NORTH"
"Z5.3.A.02","40-59 years",693,434,62.6,377,54.4,82.1,74.8,"FOX CREEK","NORTH"
"Z5.3.A.02","60-74 years",315,272,86.3,247,78.4,91.5,87.9,"FOX CREEK","NORTH"
"Z5.3.A.02","75+ years",57,41,72.1,43,75.7,92.1,90.4,"FOX CREEK","NORTH"
"Z5.3.A.02","ALL years",2241,1244,55.5,1062,47.4,69.8,62.3,"FOX CREEK","NORTH"
"Z5.3.A.03","12-19 years",790,312,39.5,244,30.9,74.4,63.3,"VALLEYVIEW","NORTH"
"Z5.3.A.03","12+ years",6001,3527,58.8,2994,49.9,82,73.2,"VALLEYVIEW","NORTH"
"Z5.3.A.03","20-39 years",1887,878,46.5,673,35.7,73.3,62.1,"VALLEYVIEW","NORTH"
"Z5.3.A.03","40-59 years",1721,1064,61.8,890,51.7,82.1,74.8,"VALLEYVIEW","NORTH"
"Z5.3.A.03","60-74 years",1182,909,76.9,837,70.8,91.5,87.9,"VALLEYVIEW","NORTH"
"Z5.3.A.03","75+ years",420,351,83.6,344,81.9,92.1,90.4,"VALLEYVIEW","NORTH"
"Z5.3.A.03","ALL years",7226,3527,48.8,2994,41.4,69.8,62.3,"VALLEYVIEW","NORTH"
"Z5.3.A.05","12-19 years",1367,611,44.7,478,35,74.4,63.3,"BEAVERLODGE","NORTH"
"Z5.3.A.05","12+ years",10136,5978,59,5184,51.1,82,73.2,"BEAVERLODGE","NORTH"
"Z5.3.A.05","20-39 years",3228,1456,45.1,1145,35.5,73.3,62.1,"BEAVERLODGE","NORTH"
"Z5.3.A.05","40-59 years",3037,1843,60.7,1577,51.9,82.1,74.8,"BEAVERLODGE","NORTH"
"Z5.3.A.05","60-74 years",1830,1445,79,1382,75.5,91.5,87.9,"BEAVERLODGE","NORTH"
"Z5.3.A.05","75+ years",674,594,88.1,584,86.6,92.1,90.4,"BEAVERLODGE","NORTH"
"Z5.3.A.05","ALL years",12199,5978,49,5184,42.5,69.8,62.3,"BEAVERLODGE","NORTH"
"Z5.3.B.04","12-19 years",2453,1370,55.8,1081,44.1,74.4,63.3,"GRANDE PRAIRIE COUNTY","NORTH"
"Z5.3.B.04","12+ years",17157,11020,64.2,9401,54.8,82,73.2,"GRANDE PRAIRIE COUNTY","NORTH"
"Z5.3.B.04","20-39 years",5663,2911,51.4,2324,41,73.3,62.1,"GRANDE PRAIRIE COUNTY","NORTH"
"Z5.3.B.04","40-59 years",5687,3890,68.4,3309,58.2,82.1,74.8,"GRANDE PRAIRIE COUNTY","NORTH"
"Z5.3.B.04","60-74 years",2667,2199,82.4,2069,77.6,91.5,87.9,"GRANDE PRAIRIE COUNTY","NORTH"
"Z5.3.B.04","75+ years",687,579,84.3,570,83,92.1,90.4,"GRANDE PRAIRIE COUNTY","NORTH"
"Z5.3.B.04","ALL years",20862,11020,52.8,9401,45.1,69.8,62.3,"GRANDE PRAIRIE COUNTY","NORTH"
"Z5.4.A.01","12-19 years",129,56,43.6,46,35.8,74.4,63.3,"SWAN HILLS","NORTH"
"Z5.4.A.01","12+ years",1142,737,64.5,628,55,82,73.2,"SWAN HILLS","NORTH"
"Z5.4.A.01","20-39 years",330,164,49.7,122,37,73.3,62.1,"SWAN HILLS","NORTH"
"Z5.4.A.01","40-59 years",453,305,67.3,265,58.4,82.1,74.8,"SWAN HILLS","NORTH"
"Z5.4.A.01","60-74 years",203,183,90,169,83.1,91.5,87.9,"SWAN HILLS","NORTH"
"Z5.4.A.01","75+ years",27,28,100,25,92.4,92.1,90.4,"SWAN HILLS","NORTH"
"Z5.4.A.01","ALL years",1336,737,55.2,628,47,69.8,62.3,"SWAN HILLS","NORTH"
"Z5.4.A.02","12-19 years",1292,760,58.8,607,47,74.4,63.3,"SLAVE LAKE","NORTH"
"Z5.4.A.02","12+ years",9551,6217,65.1,5252,55,82,73.2,"SLAVE LAKE","NORTH"
"Z5.4.A.02","20-39 years",3468,1932,55.7,1475,42.5,73.3,62.1,"SLAVE LAKE","NORTH"
"Z5.4.A.02","40-59 years",3134,2113,67.4,1858,59.3,82.1,74.8,"SLAVE LAKE","NORTH"
"Z5.4.A.02","60-74 years",1299,1095,84.3,1022,78.7,91.5,87.9,"SLAVE LAKE","NORTH"
"Z5.4.A.02","75+ years",359,282,78.6,270,75.3,92.1,90.4,"SLAVE LAKE","NORTH"
"Z5.4.A.02","ALL years",11676,6217,53.2,5252,45,69.8,62.3,"SLAVE LAKE","NORTH"
"Z5.4.A.03","12-19 years",606,246,40.6,174,28.7,74.4,63.3,"WABASCA","NORTH"
"Z5.4.A.03","12+ years",3269,1888,57.7,1537,47,82,73.2,"WABASCA","NORTH"
"Z5.4.A.03","20-39 years",1177,565,48,421,35.8,73.3,62.1,"WABASCA","NORTH"
"Z5.4.A.03","40-59 years",963,646,67.1,545,56.6,82.1,74.8,"WABASCA","NORTH"
"Z5.4.A.03","60-74 years",426,337,79.1,312,73.3,91.5,87.9,"WABASCA","NORTH"
"Z5.4.A.03","75+ years",97,80,82.1,75,77,92.1,90.4,"WABASCA","NORTH"
"Z5.4.A.03","ALL years",4238,1888,44.5,1537,36.3,69.8,62.3,"WABASCA","NORTH"
"Z5.4.A.07","12-19 years",1478,574,38.8,396,26.8,74.4,63.3,"HIGH PRAIRIE","NORTH"
"Z5.4.A.07","12+ years",9580,5410,56.5,4436,46.3,82,73.2,"HIGH PRAIRIE","NORTH"
"Z5.4.A.07","20-39 years",2916,1354,46.4,975,33.4,73.3,62.1,"HIGH PRAIRIE","NORTH"
"Z5.4.A.07","40-59 years",2925,1698,58,1410,48.2,82.1,74.8,"HIGH PRAIRIE","NORTH"
"Z5.4.A.07","60-74 years",1642,1283,78.1,1181,71.9,91.5,87.9,"HIGH PRAIRIE","NORTH"
"Z5.4.A.07","75+ years",618,485,78.5,466,75.4,92.1,90.4,"HIGH PRAIRIE","NORTH"
"Z5.4.A.07","ALL years",11613,5410,46.6,4436,38.2,69.8,62.3,"HIGH PRAIRIE","NORTH"
"Z5.4.B.04","12-19 years",3574,567,15.9,413,11.6,74.4,63.3,"HIGH LEVEL","NORTH"
"Z5.4.B.04","12+ years",18049,4875,27,4000,22.2,82,73.2,"HIGH LEVEL","NORTH"
"Z5.4.B.04","20-39 years",7425,1651,22.2,1284,17.3,73.3,62.1,"HIGH LEVEL","NORTH"
"Z5.4.B.04","40-59 years",4631,1674,36.1,1404,30.3,82.1,74.8,"HIGH LEVEL","NORTH"
"Z5.4.B.04","60-74 years",1808,755,41.8,694,38.4,91.5,87.9,"HIGH LEVEL","NORTH"
"Z5.4.B.04","75+ years",611,203,33.2,191,31.2,92.1,90.4,"HIGH LEVEL","NORTH"
"Z5.4.B.04","ALL years",25086,4875,19.4,4000,15.9,69.8,62.3,"HIGH LEVEL","NORTH"
"Z5.4.B.05","12-19 years",358,171,47.7,120,33.5,74.4,63.3,"MANNING","NORTH"
"Z5.4.B.05","12+ years",2795,1622,58,1383,49.5,82,73.2,"MANNING","NORTH"
"Z5.4.B.05","20-39 years",810,349,43.1,276,34.1,73.3,62.1,"MANNING","NORTH"
"Z5.4.B.05","40-59 years",842,499,59.3,431,51.2,82.1,74.8,"MANNING","NORTH"
"Z5.4.B.05","60-74 years",532,380,71.4,348,65.4,91.5,87.9,"MANNING","NORTH"
"Z5.4.B.05","75+ years",252,217,86.1,203,80.5,92.1,90.4,"MANNING","NORTH"
"Z5.4.B.05","ALL years",3290,1622,49.3,1383,42,69.8,62.3,"MANNING","NORTH"
"Z5.4.C.06","12-19 years",2063,961,46.6,739,35.8,74.4,63.3,"PEACE RIVER","NORTH"
"Z5.4.C.06","12+ years",15482,9689,62.6,8304,53.6,82,73.2,"PEACE RIVER","NORTH"
"Z5.4.C.06","20-39 years",5342,2641,49.4,2062,38.6,73.3,62.1,"PEACE RIVER","NORTH"
"Z5.4.C.06","40-59 years",4610,3125,67.8,2716,58.9,82.1,74.8,"PEACE RIVER","NORTH"
"Z5.4.C.06","60-74 years",2581,2169,84,2031,78.7,91.5,87.9,"PEACE RIVER","NORTH"
"Z5.4.C.06","75+ years",887,756,85.3,736,83,92.1,90.4,"PEACE RIVER","NORTH"
"Z5.4.C.06","ALL years",18611,9689,52.1,8304,44.6,69.8,62.3,"PEACE RIVER","NORTH"
"Z5.4.D.08","12-19 years",453,222,49,166,36.6,74.4,63.3,"FALHER","NORTH"
"Z5.4.D.08","12+ years",3781,2507,66.3,2218,58.7,82,73.2,"FALHER","NORTH"
"Z5.4.D.08","20-39 years",1139,592,52,491,43.1,73.3,62.1,"FALHER","NORTH"
"Z5.4.D.08","40-59 years",1029,655,63.7,573,55.7,82.1,74.8,"FALHER","NORTH"
"Z5.4.D.08","60-74 years",763,664,87,628,82.3,91.5,87.9,"FALHER","NORTH"
"Z5.4.D.08","75+ years",397,361,91,354,89.2,92.1,90.4,"FALHER","NORTH"
"Z5.4.D.08","ALL years",4427,2507,56.6,2218,50.1,69.8,62.3,"FALHER","NORTH"
"Z5.4.D.09","12-19 years",629,244,38.8,184,29.2,74.4,63.3,"SPIRIT RIVER","NORTH"
"Z5.4.D.09","12+ years",5196,2996,57.7,2653,51.1,82,73.2,"SPIRIT RIVER","NORTH"
"Z5.4.D.09","20-39 years",1438,546,38,435,30.3,73.3,62.1,"SPIRIT RIVER","NORTH"
"Z5.4.D.09","40-59 years",1566,959,61.3,843,53.8,82.1,74.8,"SPIRIT RIVER","NORTH"
"Z5.4.D.09","60-74 years",1115,859,77,812,72.8,91.5,87.9,"SPIRIT RIVER","NORTH"
"Z5.4.D.09","75+ years",448,373,83.2,368,82.1,92.1,90.4,"SPIRIT RIVER","NORTH"
"Z5.4.D.09","ALL years",6114,2996,49,2653,43.4,69.8,62.3,"SPIRIT RIVER","NORTH"
"Z5.4.D.10","12-19 years",1010,371,36.7,290,28.7,74.4,63.3,"FAIRVIEW","NORTH"
"Z5.4.D.10","12+ years",6771,3940,58.2,3381,49.9,82,73.2,"FAIRVIEW","NORTH"
"Z5.4.D.10","20-39 years",1955,843,43.1,660,33.8,73.3,62.1,"FAIRVIEW","NORTH"
"Z5.4.D.10","40-59 years",1882,1181,62.8,986,52.4,82.1,74.8,"FAIRVIEW","NORTH"
"Z5.4.D.10","60-74 years",1283,1018,79.4,925,72.1,91.5,87.9,"FAIRVIEW","NORTH"
"Z5.4.D.10","75+ years",642,523,81.5,517,80.6,92.1,90.4,"FAIRVIEW","NORTH"
"Z5.4.D.10","ALL years",8131,3940,48.5,3381,41.6,69.8,62.3,"FAIRVIEW","NORTH"
"Z5.5.A.01","12-19 years",462,249,53.9,162,35.1,74.4,63.3,"WOOD BUFFALO","NORTH"
"Z5.5.A.01","12+ years",3377,2034,60.2,1530,45.3,82,73.2,"WOOD BUFFALO","NORTH"
"Z5.5.A.01","20-39 years",1170,556,47.5,373,31.9,73.3,62.1,"WOOD BUFFALO","NORTH"
"Z5.5.A.01","40-59 years",1163,762,65.5,602,51.8,82.1,74.8,"WOOD BUFFALO","NORTH"
"Z5.5.A.01","60-74 years",482,366,76,313,65,91.5,87.9,"WOOD BUFFALO","NORTH"
"Z5.5.A.01","75+ years",101,85,83.9,72,71,92.1,90.4,"WOOD BUFFALO","NORTH"
"Z5.5.A.01","ALL years",4062,2034,50.1,1530,37.7,69.8,62.3,"WOOD BUFFALO","NORTH"
"Z5.6.A.01","12-19 years",6716,5129,76.4,4291,63.9,74.4,63.3,"FORT MCMURRAY","NORTH"
"Z5.6.A.01","12+ years",65400,48771,74.6,41831,64,82,73.2,"FORT MCMURRAY","NORTH"
"Z5.6.A.01","20-39 years",28516,18938,66.4,15406,54,73.3,62.1,"FORT MCMURRAY","NORTH"
"Z5.6.A.01","40-59 years",23056,18534,80.4,16472,71.4,82.1,74.8,"FORT MCMURRAY","NORTH"
"Z5.6.A.01","60-74 years",6443,5335,82.8,4954,76.9,91.5,87.9,"FORT MCMURRAY","NORTH"
"Z5.6.A.01","75+ years",669,537,80.2,513,76.6,92.1,90.4,"FORT MCMURRAY","NORTH"
"Z5.6.A.01","ALL years",79416,48771,61.4,41831,52.7,69.8,62.3,"FORT MCMURRAY","NORTH"
"Z5.7.A.01","12-19 years",7222,4328,59.9,3523,48.8,74.4,63.3,"CITY OF GRANDE PRAIRIE","NORTH"
"Z5.7.A.01","12+ years",61599,40318,65.5,34138,55.4,82,73.2,"CITY OF GRANDE PRAIRIE","NORTH"
"Z5.7.A.01","20-39 years",26873,14858,55.3,11586,43.1,73.3,62.1,"CITY OF GRANDE PRAIRIE","NORTH"
"Z5.7.A.01","40-59 years",18317,12988,70.9,11405,62.3,82.1,74.8,"CITY OF GRANDE PRAIRIE","NORTH"
"Z5.7.A.01","60-74 years",6996,6002,85.8,5637,80.6,91.5,87.9,"CITY OF GRANDE PRAIRIE","NORTH"
"Z5.7.A.01","75+ years",2191,1913,87.3,1854,84.6,92.1,90.4,"CITY OF GRANDE PRAIRIE","NORTH"
"Z5.7.A.01","ALL years",74275,40318,54.3,34138,46,69.8,62.3,"CITY OF GRANDE PRAIRIE","NORTH"
